VERSION_NO,LINE_ID,EQP_ID,LOT_ID,PRODUCT_ID,PROCESS_ID,STEP_ID,PROCESS_QTY,DISPATCH_IN_TIME,START_TIME,END_TIME,MACHINE_STATE,DUE_DATE
TSK-20191107-112038,LINE01,EQP21,LOT_WIP_KN_01,Tumbler_KANU,PROC_Tumbler_KANU,PAINT,32,2019-11-08 0:00,2019-11-08 0:00,2019-11-08 1:50,BUSY,9999-12-31 23:59
TSK-20191107-112038,LINE01,EQP22,LOT_WIP_SB_01,Tumbler_STARBUCKS,PROC_Tumbler_STARBUCKS,PAINT,32,2019-11-08 0:00,2019-11-08 0:00,2019-11-08 4:30,BUSY,9999-12-31 23:59
TSK-20191107-112038,-,EQP11,LOT_Tumbler_KANU_3,Tumbler_KANU,PROC_Tumbler_KANU,PRESS,32,2019-11-08 0:00,2019-11-08 0:00,2019-11-08 0:53,BUSY,2019-11-08 19:00
TSK-20191107-112038,-,EQP12,LOT_Tumbler_KANU_4,Tumbler_KANU,PROC_Tumbler_KANU,PRESS,32,2019-11-08 0:00,2019-11-08 0:00,2019-11-08 0:53,BUSY,2019-11-08 19:00
TSK-20191107-112038,-,EQP13,LOT_Tumbler_KANU_5,Tumbler_KANU,PROC_Tumbler_KANU,PRESS,32,2019-11-08 0:00,2019-11-08 0:00,2019-11-08 0:53,BUSY,2019-11-08 19:00
TSK-20191107-112038,-,EQP11,LOT_Tumbler_KANU_6,Tumbler_KANU,PROC_Tumbler_KANU,PRESS,32,2019-11-08 0:00,2019-11-08 0:53,2019-11-08 1:46,BUSY,2019-11-08 19:00
TSK-20191107-112038,-,EQP12,LOT_Tumbler_KANU_7,Tumbler_KANU,PROC_Tumbler_KANU,PRESS,32,2019-11-08 0:00,2019-11-08 0:53,2019-11-08 1:46,BUSY,2019-11-08 19:00
TSK-20191107-112038,-,EQP13,LOT_Tumbler_KANU_8,Tumbler_KANU,PROC_Tumbler_KANU,PRESS,32,2019-11-08 0:00,2019-11-08 0:53,2019-11-08 1:46,BUSY,2019-11-09 19:00
TSK-20191107-112038,-,EQP11,LOT_Tumbler_KANU_9,Tumbler_KANU,PROC_Tumbler_KANU,PRESS,32,2019-11-08 0:00,2019-11-08 1:46,2019-11-08 2:40,BUSY,2019-11-09 19:00
TSK-20191107-112038,-,EQP12,LOT_Tumbler_STARBUCKS_1,Tumbler_STARBUCKS,PROC_Tumbler_STARBUCKS,PRESS,32,2019-11-08 0:00,2019-11-08 1:46,2019-11-08 2:16,SETUP,2019-11-10 19:00
TSK-20191107-112038,-,EQP13,LOT_Tumbler_STARBUCKS_2,Tumbler_STARBUCKS,PROC_Tumbler_STARBUCKS,PRESS,32,2019-11-08 0:00,2019-11-08 1:46,2019-11-08 2:16,SETUP,2019-11-10 19:00
TSK-20191107-112038,-,EQP21,LOT_Tumbler_KANU_5,Tumbler_KANU,PROC_Tumbler_KANU,PAINT,32,2019-11-08 0:53,2019-11-08 1:50,2019-11-08 4:30,BUSY,2019-11-08 21:00
TSK-20191107-112038,LINE01,EQP31,LOT_WIP_KN_01,Tumbler_KANU,PROC_Tumbler_KANU,FINISH,32,2019-11-08 1:50,2019-11-08 1:50,2019-11-08 3:36,BUSY,2019-11-08 23:00
TSK-20191107-112038,-,EQP12,LOT_Tumbler_STARBUCKS_1,Tumbler_STARBUCKS,PROC_Tumbler_STARBUCKS,PRESS,32,2019-11-08 0:00,2019-11-08 2:16,2019-11-08 4:03,BUSY,2019-11-10 19:00
TSK-20191107-112038,-,EQP13,LOT_Tumbler_STARBUCKS_2,Tumbler_STARBUCKS,PROC_Tumbler_STARBUCKS,PRESS,32,2019-11-08 0:00,2019-11-08 2:16,2019-11-08 4:03,BUSY,2019-11-10 19:00
TSK-20191107-112038,-,EQP11,LOT_Tumbler_TOMNTOMS_1,Tumbler_TOMNTOMS,PROC_Tumbler_TOMNTOMS,PRESS,32,2019-11-08 0:00,2019-11-08 2:40,2019-11-08 3:10,SETUP,2019-11-11 19:00
TSK-20191107-112038,-,EQP11,LOT_Tumbler_TOMNTOMS_1,Tumbler_TOMNTOMS,PROC_Tumbler_TOMNTOMS,PRESS,32,2019-11-08 0:00,2019-11-08 3:10,2019-11-08 5:50,BUSY,2019-11-11 19:00
TSK-20191107-112038,-,EQP12,LOT_Tumbler_TOMNTOMS_2,Tumbler_TOMNTOMS,PROC_Tumbler_TOMNTOMS,PRESS,32,2019-11-08 0:00,2019-11-08 4:03,2019-11-08 4:33,SETUP,2019-11-11 19:00
TSK-20191107-112038,-,EQP13,LOT_Tumbler_KANU_2,Tumbler_KANU,PROC_Tumbler_KANU,PRESS,32,2019-11-08 0:00,2019-11-08 4:03,2019-11-08 4:33,SETUP,2019-11-08 19:00
TSK-20191107-112038,-,EQP22,LOT_Tumbler_KANU_4,Tumbler_KANU,PROC_Tumbler_KANU,PAINT,32,2019-11-08 0:53,2019-11-08 4:30,2019-11-08 5:00,SETUP,2019-11-08 21:00
TSK-20191107-112038,-,EQP21,LOT_Tumbler_KANU_3,Tumbler_KANU,PROC_Tumbler_KANU,PAINT,32,2019-11-08 0:53,2019-11-08 4:30,2019-11-08 7:10,BUSY,2019-11-08 21:00
TSK-20191107-112038,LINE01,EQP31,LOT_WIP_SB_01,Tumbler_STARBUCKS,PROC_Tumbler_STARBUCKS,FINISH,32,2019-11-08 4:30,2019-11-08 4:30,2019-11-08 5:00,SETUP,2019-11-10 23:00
TSK-20191107-112038,-,EQP32,LOT_Tumbler_KANU_5,Tumbler_KANU,PROC_Tumbler_KANU,FINISH,32,2019-11-08 4:30,2019-11-08 4:30,2019-11-08 6:16,BUSY,2019-11-08 23:00
TSK-20191107-112038,-,EQP12,LOT_Tumbler_TOMNTOMS_2,Tumbler_TOMNTOMS,PROC_Tumbler_TOMNTOMS,PRESS,32,2019-11-08 0:00,2019-11-08 4:33,2019-11-08 7:13,BUSY,2019-11-11 19:00
TSK-20191107-112038,-,EQP13,LOT_Tumbler_KANU_2,Tumbler_KANU,PROC_Tumbler_KANU,PRESS,32,2019-11-08 0:00,2019-11-08 4:33,2019-11-08 5:26,BUSY,2019-11-08 19:00
TSK-20191107-112038,-,EQP22,LOT_Tumbler_KANU_4,Tumbler_KANU,PROC_Tumbler_KANU,PAINT,32,2019-11-08 0:53,2019-11-08 5:00,2019-11-08 7:40,BUSY,2019-11-08 21:00
TSK-20191107-112038,LINE01,EQP31,LOT_WIP_SB_01,Tumbler_STARBUCKS,PROC_Tumbler_STARBUCKS,FINISH,32,2019-11-08 4:30,2019-11-08 5:00,2019-11-08 8:33,BUSY,2019-11-10 23:00
TSK-20191107-112038,-,EQP13,LOT_Tumbler_KANU_1,Tumbler_KANU,PROC_Tumbler_KANU,PRESS,32,2019-11-08 0:00,2019-11-08 5:26,2019-11-08 6:20,BUSY,2019-11-08 19:00
TSK-20191107-112038,-,EQP21,LOT_Tumbler_KANU_8,Tumbler_KANU,PROC_Tumbler_KANU,PAINT,32,2019-11-08 1:46,2019-11-08 7:10,2019-11-08 9:50,BUSY,2019-11-08 21:00
TSK-20191107-112038,-,EQP32,LOT_Tumbler_KANU_3,Tumbler_KANU,PROC_Tumbler_KANU,FINISH,32,2019-11-08 7:10,2019-11-08 7:10,2019-11-08 8:56,BUSY,2019-11-08 23:00
TSK-20191107-112038,-,EQP22,LOT_Tumbler_KANU_7,Tumbler_KANU,PROC_Tumbler_KANU,PAINT,32,2019-11-08 1:46,2019-11-08 7:40,2019-11-08 10:20,BUSY,2019-11-08 21:00
TSK-20191107-112038,-,EQP33,LOT_Tumbler_KANU_4,Tumbler_KANU,PROC_Tumbler_KANU,FINISH,32,2019-11-08 7:40,2019-11-08 7:40,2019-11-08 9:26,BUSY,2019-11-08 23:00
TSK-20191107-112038,-,EQP21,LOT_Tumbler_KANU_6,Tumbler_KANU,PROC_Tumbler_KANU,PAINT,32,2019-11-08 1:46,2019-11-08 9:50,2019-11-08 12:30,BUSY,2019-11-08 21:00
TSK-20191107-112038,-,EQP31,LOT_Tumbler_KANU_8,Tumbler_KANU,PROC_Tumbler_KANU,FINISH,32,2019-11-08 9:50,2019-11-08 9:50,2019-11-08 10:20,SETUP,2019-11-08 23:00
TSK-20191107-112038,-,EQP31,LOT_Tumbler_KANU_8,Tumbler_KANU,PROC_Tumbler_KANU,FINISH,32,2019-11-08 9:50,2019-11-08 10:20,2019-11-08 12:06,BUSY,2019-11-08 23:00
TSK-20191107-112038,-,EQP22,LOT_Tumbler_KANU_9,Tumbler_KANU,PROC_Tumbler_KANU,PAINT,32,2019-11-08 2:40,2019-11-08 10:20,2019-11-08 13:00,BUSY,2019-11-08 21:00
TSK-20191107-112038,-,EQP32,LOT_Tumbler_KANU_7,Tumbler_KANU,PROC_Tumbler_KANU,FINISH,32,2019-11-08 10:20,2019-11-08 10:20,2019-11-08 12:06,BUSY,2019-11-08 23:00
TSK-20191107-112038,-,EQP21,LOT_Tumbler_STARBUCKS_2,Tumbler_STARBUCKS,PROC_Tumbler_STARBUCKS,PAINT,32,2019-11-08 4:03,2019-11-08 12:30,2019-11-08 13:00,SETUP,2019-11-10 21:00
TSK-20191107-112038,-,EQP31,LOT_Tumbler_KANU_6,Tumbler_KANU,PROC_Tumbler_KANU,FINISH,32,2019-11-08 12:30,2019-11-08 12:30,2019-11-08 14:16,BUSY,2019-11-08 23:00
TSK-20191107-112038,-,EQP21,LOT_Tumbler_STARBUCKS_2,Tumbler_STARBUCKS,PROC_Tumbler_STARBUCKS,PAINT,32,2019-11-08 4:03,2019-11-08 13:00,2019-11-08 18:20,BUSY,2019-11-10 21:00
TSK-20191107-112038,-,EQP22,LOT_Tumbler_STARBUCKS_1,Tumbler_STARBUCKS,PROC_Tumbler_STARBUCKS,PAINT,32,2019-11-08 4:03,2019-11-08 13:00,2019-11-08 13:30,SETUP,2019-11-10 21:00
TSK-20191107-112038,-,EQP32,LOT_Tumbler_KANU_9,Tumbler_KANU,PROC_Tumbler_KANU,FINISH,32,2019-11-08 13:00,2019-11-08 13:00,2019-11-08 14:46,BUSY,2019-11-09 23:00
TSK-20191107-112038,-,EQP22,LOT_Tumbler_STARBUCKS_1,Tumbler_STARBUCKS,PROC_Tumbler_STARBUCKS,PAINT,32,2019-11-08 4:03,2019-11-08 13:30,2019-11-08 18:50,BUSY,2019-11-10 21:00
TSK-20191107-112038,-,EQP21,LOT_Tumbler_KANU_2,Tumbler_KANU,PROC_Tumbler_KANU,PAINT,32,2019-11-08 5:26,2019-11-08 18:20,2019-11-08 18:50,SETUP,2019-11-09 21:00
TSK-20191107-112038,-,EQP31,LOT_Tumbler_STARBUCKS_2,Tumbler_STARBUCKS,PROC_Tumbler_STARBUCKS,FINISH,32,2019-11-08 18:20,2019-11-08 18:20,2019-11-08 18:50,SETUP,2019-11-10 23:00
TSK-20191107-112038,-,EQP21,LOT_Tumbler_KANU_2,Tumbler_KANU,PROC_Tumbler_KANU,PAINT,32,2019-11-08 5:26,2019-11-08 18:50,2019-11-08 21:30,BUSY,2019-11-09 21:00
TSK-20191107-112038,-,EQP31,LOT_Tumbler_STARBUCKS_2,Tumbler_STARBUCKS,PROC_Tumbler_STARBUCKS,FINISH,32,2019-11-08 18:20,2019-11-08 18:50,2019-11-08 22:23,BUSY,2019-11-10 23:00
TSK-20191107-112038,-,EQP22,LOT_Tumbler_TOMNTOMS_1,Tumbler_TOMNTOMS,PROC_Tumbler_TOMNTOMS,PAINT,32,2019-11-08 5:50,2019-11-08 18:50,2019-11-08 19:20,SETUP,2019-11-11 21:00
TSK-20191107-112038,-,EQP32,LOT_Tumbler_STARBUCKS_1,Tumbler_STARBUCKS,PROC_Tumbler_STARBUCKS,FINISH,32,2019-11-08 18:50,2019-11-08 18:50,2019-11-08 19:20,SETUP,2019-11-10 23:00
TSK-20191107-112038,-,EQP22,LOT_Tumbler_TOMNTOMS_1,Tumbler_TOMNTOMS,PROC_Tumbler_TOMNTOMS,PAINT,32,2019-11-08 5:50,2019-11-08 19:20,2019-11-09 3:20,BUSY,2019-11-11 21:00
TSK-20191107-112038,-,EQP32,LOT_Tumbler_STARBUCKS_1,Tumbler_STARBUCKS,PROC_Tumbler_STARBUCKS,FINISH,32,2019-11-08 18:50,2019-11-08 19:20,2019-11-08 22:53,BUSY,2019-11-10 23:00
TSK-20191107-112038,-,EQP21,LOT_Tumbler_KANU_1,Tumbler_KANU,PROC_Tumbler_KANU,PAINT,32,2019-11-08 6:20,2019-11-08 21:30,2019-11-09 0:10,BUSY,2019-11-09 21:00
TSK-20191107-112038,-,EQP33,LOT_Tumbler_KANU_2,Tumbler_KANU,PROC_Tumbler_KANU,FINISH,32,2019-11-08 21:30,2019-11-08 21:30,2019-11-08 23:16,BUSY,2019-11-09 23:00
TSK-20191107-112038,-,EQP11,LOT_Tumbler_KANU_12,Tumbler_KANU,PROC_Tumbler_KANU,PRESS,32,2019-11-09 0:00,2019-11-09 0:00,2019-11-09 0:30,SETUP,2019-11-09 19:00
TSK-20191107-112038,-,EQP12,LOT_Tumbler_KANU_13,Tumbler_KANU,PROC_Tumbler_KANU,PRESS,32,2019-11-09 0:00,2019-11-09 0:00,2019-11-09 0:30,SETUP,2019-11-09 19:00
TSK-20191107-112038,-,EQP13,LOT_Tumbler_KANU_14,Tumbler_KANU,PROC_Tumbler_KANU,PRESS,32,2019-11-09 0:00,2019-11-09 0:00,2019-11-09 0:53,BUSY,2019-11-09 19:00
TSK-20191107-112038,-,EQP21,LOT_Tumbler_TOMNTOMS_2,Tumbler_TOMNTOMS,PROC_Tumbler_TOMNTOMS,PAINT,32,2019-11-08 7:13,2019-11-09 0:10,2019-11-09 0:40,SETUP,2019-11-11 21:00
TSK-20191107-112038,-,EQP31,LOT_Tumbler_KANU_1,Tumbler_KANU,PROC_Tumbler_KANU,FINISH,32,2019-11-09 0:10,2019-11-09 0:10,2019-11-09 0:40,SETUP,2019-11-09 23:00
TSK-20191107-112038,-,EQP11,LOT_Tumbler_KANU_12,Tumbler_KANU,PROC_Tumbler_KANU,PRESS,32,2019-11-09 0:00,2019-11-09 0:30,2019-11-09 1:23,BUSY,2019-11-09 19:00
TSK-20191107-112038,-,EQP12,LOT_Tumbler_KANU_13,Tumbler_KANU,PROC_Tumbler_KANU,PRESS,32,2019-11-09 0:00,2019-11-09 0:30,2019-11-09 1:23,BUSY,2019-11-09 19:00
TSK-20191107-112038,-,EQP21,LOT_Tumbler_TOMNTOMS_2,Tumbler_TOMNTOMS,PROC_Tumbler_TOMNTOMS,PAINT,32,2019-11-08 7:13,2019-11-09 0:40,2019-11-09 8:40,BUSY,2019-11-11 21:00
TSK-20191107-112038,-,EQP31,LOT_Tumbler_KANU_1,Tumbler_KANU,PROC_Tumbler_KANU,FINISH,32,2019-11-09 0:10,2019-11-09 0:40,2019-11-09 2:26,BUSY,2019-11-09 23:00
TSK-20191107-112038,-,EQP13,LOT_Tumbler_KANU_15,Tumbler_KANU,PROC_Tumbler_KANU,PRESS,32,2019-11-09 0:00,2019-11-09 0:53,2019-11-09 1:46,BUSY,2019-11-10 19:00
TSK-20191107-112038,-,EQP11,LOT_Tumbler_STARBUCKS_3,Tumbler_STARBUCKS,PROC_Tumbler_STARBUCKS,PRESS,32,2019-11-09 0:00,2019-11-09 1:23,2019-11-09 1:53,SETUP,2019-11-10 19:00
TSK-20191107-112038,-,EQP12,LOT_Tumbler_STARBUCKS_4,Tumbler_STARBUCKS,PROC_Tumbler_STARBUCKS,PRESS,32,2019-11-09 0:00,2019-11-09 1:23,2019-11-09 1:53,SETUP,2019-11-10 19:00
TSK-20191107-112038,-,EQP13,LOT_Tumbler_STARBUCKS_5,Tumbler_STARBUCKS,PROC_Tumbler_STARBUCKS,PRESS,32,2019-11-09 0:00,2019-11-09 1:46,2019-11-09 2:16,SETUP,2019-11-10 19:00
TSK-20191107-112038,-,EQP11,LOT_Tumbler_STARBUCKS_3,Tumbler_STARBUCKS,PROC_Tumbler_STARBUCKS,PRESS,32,2019-11-09 0:00,2019-11-09 1:53,2019-11-09 3:40,BUSY,2019-11-10 19:00
TSK-20191107-112038,-,EQP12,LOT_Tumbler_STARBUCKS_4,Tumbler_STARBUCKS,PROC_Tumbler_STARBUCKS,PRESS,32,2019-11-09 0:00,2019-11-09 1:53,2019-11-09 3:40,BUSY,2019-11-10 19:00
TSK-20191107-112038,-,EQP13,LOT_Tumbler_STARBUCKS_5,Tumbler_STARBUCKS,PROC_Tumbler_STARBUCKS,PRESS,32,2019-11-09 0:00,2019-11-09 2:16,2019-11-09 4:03,BUSY,2019-11-10 19:00
TSK-20191107-112038,-,EQP22,LOT_Tumbler_KANU_14,Tumbler_KANU,PROC_Tumbler_KANU,PAINT,32,2019-11-09 0:53,2019-11-09 3:20,2019-11-09 3:50,SETUP,2019-11-09 21:00
TSK-20191107-112038,-,EQP31,LOT_Tumbler_TOMNTOMS_1,Tumbler_TOMNTOMS,PROC_Tumbler_TOMNTOMS,FINISH,32,2019-11-09 3:20,2019-11-09 3:20,2019-11-09 3:50,SETUP,2019-11-11 23:00
TSK-20191107-112038,-,EQP11,LOT_Tumbler_TOMNTOMS_3,Tumbler_TOMNTOMS,PROC_Tumbler_TOMNTOMS,PRESS,32,2019-11-09 0:00,2019-11-09 3:40,2019-11-09 4:10,SETUP,2019-11-12 19:00
TSK-20191107-112038,-,EQP12,LOT_Tumbler_TOMNTOMS_4,Tumbler_TOMNTOMS,PROC_Tumbler_TOMNTOMS,PRESS,32,2019-11-09 0:00,2019-11-09 3:40,2019-11-09 4:10,SETUP,2019-11-12 19:00
TSK-20191107-112038,-,EQP22,LOT_Tumbler_KANU_14,Tumbler_KANU,PROC_Tumbler_KANU,PAINT,32,2019-11-09 0:53,2019-11-09 3:50,2019-11-09 6:30,BUSY,2019-11-09 21:00
TSK-20191107-112038,-,EQP31,LOT_Tumbler_TOMNTOMS_1,Tumbler_TOMNTOMS,PROC_Tumbler_TOMNTOMS,FINISH,32,2019-11-09 3:20,2019-11-09 3:50,2019-11-09 9:10,BUSY,2019-11-11 23:00
TSK-20191107-112038,-,EQP13,LOT_Tumbler_KANU_11,Tumbler_KANU,PROC_Tumbler_KANU,PRESS,32,2019-11-09 0:00,2019-11-09 4:03,2019-11-09 4:33,SETUP,2019-11-09 19:00
TSK-20191107-112038,-,EQP11,LOT_Tumbler_TOMNTOMS_3,Tumbler_TOMNTOMS,PROC_Tumbler_TOMNTOMS,PRESS,32,2019-11-09 0:00,2019-11-09 4:10,2019-11-09 6:50,BUSY,2019-11-12 19:00
TSK-20191107-112038,-,EQP12,LOT_Tumbler_TOMNTOMS_4,Tumbler_TOMNTOMS,PROC_Tumbler_TOMNTOMS,PRESS,32,2019-11-09 0:00,2019-11-09 4:10,2019-11-09 6:50,BUSY,2019-11-12 19:00
TSK-20191107-112038,-,EQP13,LOT_Tumbler_KANU_11,Tumbler_KANU,PROC_Tumbler_KANU,PRESS,32,2019-11-09 0:00,2019-11-09 4:33,2019-11-09 5:26,BUSY,2019-11-09 19:00
TSK-20191107-112038,-,EQP13,LOT_Tumbler_KANU_10,Tumbler_KANU,PROC_Tumbler_KANU,PRESS,32,2019-11-09 0:00,2019-11-09 5:26,2019-11-09 6:20,BUSY,2019-11-09 19:00
TSK-20191107-112038,-,EQP22,LOT_Tumbler_KANU_13,Tumbler_KANU,PROC_Tumbler_KANU,PAINT,32,2019-11-09 1:23,2019-11-09 6:30,2019-11-09 9:10,BUSY,2019-11-09 21:00
TSK-20191107-112038,-,EQP32,LOT_Tumbler_KANU_14,Tumbler_KANU,PROC_Tumbler_KANU,FINISH,32,2019-11-09 6:30,2019-11-09 6:30,2019-11-09 7:00,SETUP,2019-11-09 23:00
TSK-20191107-112038,-,EQP32,LOT_Tumbler_KANU_14,Tumbler_KANU,PROC_Tumbler_KANU,FINISH,32,2019-11-09 6:30,2019-11-09 7:00,2019-11-09 8:46,BUSY,2019-11-09 23:00
TSK-20191107-112038,-,EQP21,LOT_Tumbler_KANU_12,Tumbler_KANU,PROC_Tumbler_KANU,PAINT,32,2019-11-09 1:23,2019-11-09 8:40,2019-11-09 9:10,SETUP,2019-11-09 21:00
TSK-20191107-112038,-,EQP33,LOT_Tumbler_TOMNTOMS_2,Tumbler_TOMNTOMS,PROC_Tumbler_TOMNTOMS,FINISH,32,2019-11-09 8:40,2019-11-09 8:40,2019-11-09 9:10,SETUP,2019-11-11 23:00
TSK-20191107-112038,-,EQP21,LOT_Tumbler_KANU_12,Tumbler_KANU,PROC_Tumbler_KANU,PAINT,32,2019-11-09 1:23,2019-11-09 9:10,2019-11-09 11:50,BUSY,2019-11-09 21:00
TSK-20191107-112038,-,EQP33,LOT_Tumbler_TOMNTOMS_2,Tumbler_TOMNTOMS,PROC_Tumbler_TOMNTOMS,FINISH,32,2019-11-09 8:40,2019-11-09 9:10,2019-11-09 14:30,BUSY,2019-11-11 23:00
TSK-20191107-112038,-,EQP22,LOT_Tumbler_KANU_15,Tumbler_KANU,PROC_Tumbler_KANU,PAINT,32,2019-11-09 1:46,2019-11-09 9:10,2019-11-09 11:50,BUSY,2019-11-09 21:00
TSK-20191107-112038,-,EQP31,LOT_Tumbler_KANU_13,Tumbler_KANU,PROC_Tumbler_KANU,FINISH,32,2019-11-09 9:10,2019-11-09 9:10,2019-11-09 9:40,SETUP,2019-11-09 23:00
TSK-20191107-112038,-,EQP31,LOT_Tumbler_KANU_13,Tumbler_KANU,PROC_Tumbler_KANU,FINISH,32,2019-11-09 9:10,2019-11-09 9:40,2019-11-09 11:26,BUSY,2019-11-09 23:00
TSK-20191107-112038,-,EQP21,LOT_Tumbler_STARBUCKS_4,Tumbler_STARBUCKS,PROC_Tumbler_STARBUCKS,PAINT,32,2019-11-09 3:40,2019-11-09 11:50,2019-11-09 12:20,SETUP,2019-11-10 21:00
TSK-20191107-112038,-,EQP22,LOT_Tumbler_STARBUCKS_3,Tumbler_STARBUCKS,PROC_Tumbler_STARBUCKS,PAINT,32,2019-11-09 3:40,2019-11-09 11:50,2019-11-09 12:20,SETUP,2019-11-10 21:00
TSK-20191107-112038,-,EQP31,LOT_Tumbler_KANU_15,Tumbler_KANU,PROC_Tumbler_KANU,FINISH,32,2019-11-09 11:50,2019-11-09 11:50,2019-11-09 13:36,BUSY,2019-11-09 23:00
TSK-20191107-112038,-,EQP32,LOT_Tumbler_KANU_12,Tumbler_KANU,PROC_Tumbler_KANU,FINISH,32,2019-11-09 11:50,2019-11-09 11:50,2019-11-09 13:36,BUSY,2019-11-09 23:00
TSK-20191107-112038,-,EQP21,LOT_Tumbler_STARBUCKS_4,Tumbler_STARBUCKS,PROC_Tumbler_STARBUCKS,PAINT,32,2019-11-09 3:40,2019-11-09 12:20,2019-11-09 17:40,BUSY,2019-11-10 21:00
TSK-20191107-112038,-,EQP22,LOT_Tumbler_STARBUCKS_3,Tumbler_STARBUCKS,PROC_Tumbler_STARBUCKS,PAINT,32,2019-11-09 3:40,2019-11-09 12:20,2019-11-09 17:40,BUSY,2019-11-10 21:00
TSK-20191107-112038,-,EQP21,LOT_Tumbler_STARBUCKS_5,Tumbler_STARBUCKS,PROC_Tumbler_STARBUCKS,PAINT,32,2019-11-09 4:03,2019-11-09 17:40,2019-11-09 23:00,BUSY,2019-11-10 21:00
TSK-20191107-112038,-,EQP22,LOT_Tumbler_KANU_11,Tumbler_KANU,PROC_Tumbler_KANU,PAINT,32,2019-11-09 5:26,2019-11-09 17:40,2019-11-09 18:10,SETUP,2019-11-09 21:00
TSK-20191107-112038,-,EQP31,LOT_Tumbler_STARBUCKS_3,Tumbler_STARBUCKS,PROC_Tumbler_STARBUCKS,FINISH,32,2019-11-09 17:40,2019-11-09 17:40,2019-11-09 18:10,SETUP,2019-11-10 23:00
TSK-20191107-112038,-,EQP32,LOT_Tumbler_STARBUCKS_4,Tumbler_STARBUCKS,PROC_Tumbler_STARBUCKS,FINISH,32,2019-11-09 17:40,2019-11-09 17:40,2019-11-09 18:10,SETUP,2019-11-10 23:00
TSK-20191107-112038,-,EQP22,LOT_Tumbler_KANU_11,Tumbler_KANU,PROC_Tumbler_KANU,PAINT,32,2019-11-09 5:26,2019-11-09 18:10,2019-11-09 20:50,BUSY,2019-11-09 21:00
TSK-20191107-112038,-,EQP31,LOT_Tumbler_STARBUCKS_3,Tumbler_STARBUCKS,PROC_Tumbler_STARBUCKS,FINISH,32,2019-11-09 17:40,2019-11-09 18:10,2019-11-09 21:43,BUSY,2019-11-10 23:00
TSK-20191107-112038,-,EQP32,LOT_Tumbler_STARBUCKS_4,Tumbler_STARBUCKS,PROC_Tumbler_STARBUCKS,FINISH,32,2019-11-09 17:40,2019-11-09 18:10,2019-11-09 21:43,BUSY,2019-11-10 23:00
TSK-20191107-112038,-,EQP22,LOT_Tumbler_KANU_10,Tumbler_KANU,PROC_Tumbler_KANU,PAINT,32,2019-11-09 6:20,2019-11-09 20:50,2019-11-09 23:30,BUSY,2019-11-10 21:00
TSK-20191107-112038,-,EQP33,LOT_Tumbler_KANU_11,Tumbler_KANU,PROC_Tumbler_KANU,FINISH,32,2019-11-09 20:50,2019-11-09 20:50,2019-11-09 21:20,SETUP,2019-11-10 23:00
TSK-20191107-112038,-,EQP33,LOT_Tumbler_KANU_11,Tumbler_KANU,PROC_Tumbler_KANU,FINISH,32,2019-11-09 20:50,2019-11-09 21:20,2019-11-09 23:06,BUSY,2019-11-10 23:00
TSK-20191107-112038,-,EQP21,LOT_Tumbler_TOMNTOMS_4,Tumbler_TOMNTOMS,PROC_Tumbler_TOMNTOMS,PAINT,32,2019-11-09 6:50,2019-11-09 23:00,2019-11-09 23:30,SETUP,2019-11-12 21:00
TSK-20191107-112038,-,EQP31,LOT_Tumbler_STARBUCKS_5,Tumbler_STARBUCKS,PROC_Tumbler_STARBUCKS,FINISH,32,2019-11-09 23:00,2019-11-09 23:00,2019-11-10 2:33,BUSY,2019-11-10 23:00
TSK-20191107-112038,-,EQP21,LOT_Tumbler_TOMNTOMS_4,Tumbler_TOMNTOMS,PROC_Tumbler_TOMNTOMS,PAINT,32,2019-11-09 6:50,2019-11-09 23:30,2019-11-10 7:30,BUSY,2019-11-12 21:00
TSK-20191107-112038,-,EQP22,LOT_Tumbler_TOMNTOMS_3,Tumbler_TOMNTOMS,PROC_Tumbler_TOMNTOMS,PAINT,32,2019-11-09 6:50,2019-11-09 23:30,2019-11-10 0:00,SETUP,2019-11-12 21:00
TSK-20191107-112038,-,EQP32,LOT_Tumbler_KANU_10,Tumbler_KANU,PROC_Tumbler_KANU,FINISH,32,2019-11-09 23:30,2019-11-09 23:30,2019-11-10 0:00,SETUP,2019-11-10 23:00
TSK-20191107-112038,-,EQP22,LOT_Tumbler_TOMNTOMS_3,Tumbler_TOMNTOMS,PROC_Tumbler_TOMNTOMS,PAINT,32,2019-11-09 6:50,2019-11-10 0:00,2019-11-10 8:00,BUSY,2019-11-12 21:00
TSK-20191107-112038,-,EQP32,LOT_Tumbler_KANU_10,Tumbler_KANU,PROC_Tumbler_KANU,FINISH,32,2019-11-09 23:30,2019-11-10 0:00,2019-11-10 1:46,BUSY,2019-11-10 23:00
TSK-20191107-112038,-,EQP11,LOT_Tumbler_KANU_18,Tumbler_KANU,PROC_Tumbler_KANU,PRESS,32,2019-11-10 0:00,2019-11-10 0:00,2019-11-10 0:30,SETUP,2019-11-10 19:00
TSK-20191107-112038,-,EQP12,LOT_Tumbler_KANU_19,Tumbler_KANU,PROC_Tumbler_KANU,PRESS,32,2019-11-10 0:00,2019-11-10 0:00,2019-11-10 0:30,SETUP,2019-11-10 19:00
TSK-20191107-112038,-,EQP13,LOT_Tumbler_KANU_20,Tumbler_KANU,PROC_Tumbler_KANU,PRESS,32,2019-11-10 0:00,2019-11-10 0:00,2019-11-10 0:53,BUSY,2019-11-10 19:00
TSK-20191107-112038,-,EQP11,LOT_Tumbler_KANU_18,Tumbler_KANU,PROC_Tumbler_KANU,PRESS,32,2019-11-10 0:00,2019-11-10 0:30,2019-11-10 1:23,BUSY,2019-11-10 19:00
TSK-20191107-112038,-,EQP12,LOT_Tumbler_KANU_19,Tumbler_KANU,PROC_Tumbler_KANU,PRESS,32,2019-11-10 0:00,2019-11-10 0:30,2019-11-10 1:23,BUSY,2019-11-10 19:00
TSK-20191107-112038,-,EQP13,LOT_Tumbler_KANU_21,Tumbler_KANU,PROC_Tumbler_KANU,PRESS,32,2019-11-10 0:00,2019-11-10 0:53,2019-11-10 1:46,BUSY,2019-11-10 19:00
TSK-20191107-112038,-,EQP11,LOT_Tumbler_STARBUCKS_6,Tumbler_STARBUCKS,PROC_Tumbler_STARBUCKS,PRESS,32,2019-11-10 0:00,2019-11-10 1:23,2019-11-10 1:53,SETUP,2019-11-10 19:00
TSK-20191107-112038,-,EQP12,LOT_Tumbler_STARBUCKS_7,Tumbler_STARBUCKS,PROC_Tumbler_STARBUCKS,PRESS,32,2019-11-10 0:00,2019-11-10 1:23,2019-11-10 1:53,SETUP,2019-11-11 19:00
TSK-20191107-112038,-,EQP13,LOT_Tumbler_STARBUCKS_8,Tumbler_STARBUCKS,PROC_Tumbler_STARBUCKS,PRESS,32,2019-11-10 0:00,2019-11-10 1:46,2019-11-10 2:16,SETUP,2019-11-11 19:00
TSK-20191107-112038,-,EQP11,LOT_Tumbler_STARBUCKS_6,Tumbler_STARBUCKS,PROC_Tumbler_STARBUCKS,PRESS,32,2019-11-10 0:00,2019-11-10 1:53,2019-11-10 3:40,BUSY,2019-11-10 19:00
TSK-20191107-112038,-,EQP12,LOT_Tumbler_STARBUCKS_7,Tumbler_STARBUCKS,PROC_Tumbler_STARBUCKS,PRESS,32,2019-11-10 0:00,2019-11-10 1:53,2019-11-10 3:40,BUSY,2019-11-11 19:00
TSK-20191107-112038,-,EQP13,LOT_Tumbler_STARBUCKS_8,Tumbler_STARBUCKS,PROC_Tumbler_STARBUCKS,PRESS,32,2019-11-10 0:00,2019-11-10 2:16,2019-11-10 4:03,BUSY,2019-11-11 19:00
TSK-20191107-112038,-,EQP11,LOT_Tumbler_TOMNTOMS_5,Tumbler_TOMNTOMS,PROC_Tumbler_TOMNTOMS,PRESS,32,2019-11-10 0:00,2019-11-10 3:40,2019-11-10 4:10,SETUP,2019-11-12 19:00
TSK-20191107-112038,-,EQP12,LOT_Tumbler_TOMNTOMS_6,Tumbler_TOMNTOMS,PROC_Tumbler_TOMNTOMS,PRESS,32,2019-11-10 0:00,2019-11-10 3:40,2019-11-10 4:10,SETUP,2019-11-12 19:00
TSK-20191107-112038,-,EQP13,LOT_Tumbler_KANU_17,Tumbler_KANU,PROC_Tumbler_KANU,PRESS,32,2019-11-10 0:00,2019-11-10 4:03,2019-11-10 4:33,SETUP,2019-11-10 19:00
TSK-20191107-112038,-,EQP11,LOT_Tumbler_TOMNTOMS_5,Tumbler_TOMNTOMS,PROC_Tumbler_TOMNTOMS,PRESS,32,2019-11-10 0:00,2019-11-10 4:10,2019-11-10 6:50,BUSY,2019-11-12 19:00
TSK-20191107-112038,-,EQP12,LOT_Tumbler_TOMNTOMS_6,Tumbler_TOMNTOMS,PROC_Tumbler_TOMNTOMS,PRESS,32,2019-11-10 0:00,2019-11-10 4:10,2019-11-10 6:50,BUSY,2019-11-12 19:00
TSK-20191107-112038,-,EQP13,LOT_Tumbler_KANU_17,Tumbler_KANU,PROC_Tumbler_KANU,PRESS,32,2019-11-10 0:00,2019-11-10 4:33,2019-11-10 5:26,BUSY,2019-11-10 19:00
TSK-20191107-112038,-,EQP13,LOT_Tumbler_KANU_16,Tumbler_KANU,PROC_Tumbler_KANU,PRESS,32,2019-11-10 0:00,2019-11-10 5:26,2019-11-10 6:20,BUSY,2019-11-10 19:00
TSK-20191107-112038,-,EQP21,LOT_Tumbler_KANU_20,Tumbler_KANU,PROC_Tumbler_KANU,PAINT,32,2019-11-10 0:53,2019-11-10 7:30,2019-11-10 8:00,SETUP,2019-11-10 21:00
TSK-20191107-112038,-,EQP31,LOT_Tumbler_TOMNTOMS_4,Tumbler_TOMNTOMS,PROC_Tumbler_TOMNTOMS,FINISH,32,2019-11-10 7:30,2019-11-10 7:30,2019-11-10 8:00,SETUP,2019-11-12 23:00
TSK-20191107-112038,-,EQP21,LOT_Tumbler_KANU_20,Tumbler_KANU,PROC_Tumbler_KANU,PAINT,32,2019-11-10 0:53,2019-11-10 8:00,2019-11-10 10:40,BUSY,2019-11-10 21:00
TSK-20191107-112038,-,EQP31,LOT_Tumbler_TOMNTOMS_4,Tumbler_TOMNTOMS,PROC_Tumbler_TOMNTOMS,FINISH,32,2019-11-10 7:30,2019-11-10 8:00,2019-11-10 13:20,BUSY,2019-11-12 23:00
TSK-20191107-112038,-,EQP22,LOT_Tumbler_KANU_19,Tumbler_KANU,PROC_Tumbler_KANU,PAINT,32,2019-11-10 1:23,2019-11-10 8:00,2019-11-10 8:30,SETUP,2019-11-10 21:00
TSK-20191107-112038,-,EQP32,LOT_Tumbler_TOMNTOMS_3,Tumbler_TOMNTOMS,PROC_Tumbler_TOMNTOMS,FINISH,32,2019-11-10 8:00,2019-11-10 8:00,2019-11-10 8:30,SETUP,2019-11-12 23:00
TSK-20191107-112038,-,EQP22,LOT_Tumbler_KANU_19,Tumbler_KANU,PROC_Tumbler_KANU,PAINT,32,2019-11-10 1:23,2019-11-10 8:30,2019-11-10 11:10,BUSY,2019-11-10 21:00
TSK-20191107-112038,-,EQP32,LOT_Tumbler_TOMNTOMS_3,Tumbler_TOMNTOMS,PROC_Tumbler_TOMNTOMS,FINISH,32,2019-11-10 8:00,2019-11-10 8:30,2019-11-10 13:50,BUSY,2019-11-12 23:00
TSK-20191107-112038,-,EQP21,LOT_Tumbler_KANU_18,Tumbler_KANU,PROC_Tumbler_KANU,PAINT,32,2019-11-10 1:23,2019-11-10 10:40,2019-11-10 13:20,BUSY,2019-11-10 21:00
TSK-20191107-112038,-,EQP33,LOT_Tumbler_KANU_20,Tumbler_KANU,PROC_Tumbler_KANU,FINISH,32,2019-11-10 10:40,2019-11-10 10:40,2019-11-10 12:26,BUSY,2019-11-10 23:00
TSK-20191107-112038,-,EQP22,LOT_Tumbler_KANU_21,Tumbler_KANU,PROC_Tumbler_KANU,PAINT,32,2019-11-10 1:46,2019-11-10 11:10,2019-11-10 13:50,BUSY,2019-11-10 21:00
TSK-20191107-112038,-,EQP33,LOT_Tumbler_KANU_19,Tumbler_KANU,PROC_Tumbler_KANU,FINISH,32,2019-11-10 11:10,2019-11-10 12:26,2019-11-10 14:13,BUSY,2019-11-10 23:00
TSK-20191107-112038,-,EQP21,LOT_Tumbler_STARBUCKS_7,Tumbler_STARBUCKS,PROC_Tumbler_STARBUCKS,PAINT,32,2019-11-10 3:40,2019-11-10 13:20,2019-11-10 13:50,SETUP,2019-11-11 21:00
TSK-20191107-112038,-,EQP31,LOT_Tumbler_KANU_18,Tumbler_KANU,PROC_Tumbler_KANU,FINISH,32,2019-11-10 13:20,2019-11-10 13:20,2019-11-10 13:50,SETUP,2019-11-10 23:00
TSK-20191107-112038,-,EQP21,LOT_Tumbler_STARBUCKS_7,Tumbler_STARBUCKS,PROC_Tumbler_STARBUCKS,PAINT,32,2019-11-10 3:40,2019-11-10 13:50,2019-11-10 19:10,BUSY,2019-11-11 21:00
TSK-20191107-112038,-,EQP31,LOT_Tumbler_KANU_18,Tumbler_KANU,PROC_Tumbler_KANU,FINISH,32,2019-11-10 13:20,2019-11-10 13:50,2019-11-10 15:36,BUSY,2019-11-10 23:00
TSK-20191107-112038,-,EQP22,LOT_Tumbler_STARBUCKS_6,Tumbler_STARBUCKS,PROC_Tumbler_STARBUCKS,PAINT,32,2019-11-10 3:40,2019-11-10 13:50,2019-11-10 14:20,SETUP,2019-11-10 21:00
TSK-20191107-112038,-,EQP32,LOT_Tumbler_KANU_21,Tumbler_KANU,PROC_Tumbler_KANU,FINISH,32,2019-11-10 13:50,2019-11-10 13:50,2019-11-10 14:20,SETUP,2019-11-10 23:00
TSK-20191107-112038,-,EQP22,LOT_Tumbler_STARBUCKS_6,Tumbler_STARBUCKS,PROC_Tumbler_STARBUCKS,PAINT,32,2019-11-10 3:40,2019-11-10 14:20,2019-11-10 19:40,BUSY,2019-11-10 21:00
TSK-20191107-112038,-,EQP32,LOT_Tumbler_KANU_21,Tumbler_KANU,PROC_Tumbler_KANU,FINISH,32,2019-11-10 13:50,2019-11-10 14:20,2019-11-10 16:06,BUSY,2019-11-10 23:00
TSK-20191107-112038,-,EQP21,LOT_Tumbler_STARBUCKS_8,Tumbler_STARBUCKS,PROC_Tumbler_STARBUCKS,PAINT,32,2019-11-10 4:03,2019-11-10 19:10,2019-11-11 0:30,BUSY,2019-11-11 21:00
TSK-20191107-112038,-,EQP31,LOT_Tumbler_STARBUCKS_7,Tumbler_STARBUCKS,PROC_Tumbler_STARBUCKS,FINISH,32,2019-11-10 19:10,2019-11-10 19:10,2019-11-10 19:40,SETUP,2019-11-11 23:00
TSK-20191107-112038,-,EQP31,LOT_Tumbler_STARBUCKS_7,Tumbler_STARBUCKS,PROC_Tumbler_STARBUCKS,FINISH,32,2019-11-10 19:10,2019-11-10 19:40,2019-11-10 23:13,BUSY,2019-11-11 23:00
TSK-20191107-112038,-,EQP22,LOT_Tumbler_KANU_17,Tumbler_KANU,PROC_Tumbler_KANU,PAINT,32,2019-11-10 5:26,2019-11-10 19:40,2019-11-10 20:10,SETUP,2019-11-10 21:00
TSK-20191107-112038,-,EQP32,LOT_Tumbler_STARBUCKS_6,Tumbler_STARBUCKS,PROC_Tumbler_STARBUCKS,FINISH,32,2019-11-10 19:40,2019-11-10 19:40,2019-11-10 20:10,SETUP,2019-11-11 23:00
TSK-20191107-112038,-,EQP22,LOT_Tumbler_KANU_17,Tumbler_KANU,PROC_Tumbler_KANU,PAINT,32,2019-11-10 5:26,2019-11-10 20:10,2019-11-10 22:50,BUSY,2019-11-10 21:00
TSK-20191107-112038,-,EQP32,LOT_Tumbler_STARBUCKS_6,Tumbler_STARBUCKS,PROC_Tumbler_STARBUCKS,FINISH,32,2019-11-10 19:40,2019-11-10 20:10,2019-11-10 23:43,BUSY,2019-11-11 23:00
TSK-20191107-112038,-,EQP22,LOT_Tumbler_KANU_16,Tumbler_KANU,PROC_Tumbler_KANU,PAINT,32,2019-11-10 6:20,2019-11-10 22:50,2019-11-11 1:30,BUSY,2019-11-10 21:00
TSK-20191107-112038,-,EQP33,LOT_Tumbler_KANU_17,Tumbler_KANU,PROC_Tumbler_KANU,FINISH,32,2019-11-10 22:50,2019-11-10 22:50,2019-11-11 0:36,BUSY,2019-11-10 23:00
TSK-20191107-112038,-,EQP11,LOT_Tumbler_KANU_24,Tumbler_KANU,PROC_Tumbler_KANU,PRESS,32,2019-11-11 0:00,2019-11-11 0:00,2019-11-11 0:30,SETUP,2019-11-11 19:00
TSK-20191107-112038,-,EQP12,LOT_Tumbler_KANU_25,Tumbler_KANU,PROC_Tumbler_KANU,PRESS,32,2019-11-11 0:00,2019-11-11 0:00,2019-11-11 0:30,SETUP,2019-11-11 19:00
TSK-20191107-112038,-,EQP13,LOT_Tumbler_KANU_26,Tumbler_KANU,PROC_Tumbler_KANU,PRESS,32,2019-11-11 0:00,2019-11-11 0:00,2019-11-11 0:53,BUSY,2019-11-11 19:00
TSK-20191107-112038,-,EQP11,LOT_Tumbler_KANU_24,Tumbler_KANU,PROC_Tumbler_KANU,PRESS,32,2019-11-11 0:00,2019-11-11 0:30,2019-11-11 1:23,BUSY,2019-11-11 19:00
TSK-20191107-112038,-,EQP12,LOT_Tumbler_KANU_25,Tumbler_KANU,PROC_Tumbler_KANU,PRESS,32,2019-11-11 0:00,2019-11-11 0:30,2019-11-11 1:23,BUSY,2019-11-11 19:00
TSK-20191107-112038,-,EQP21,LOT_Tumbler_TOMNTOMS_6,Tumbler_TOMNTOMS,PROC_Tumbler_TOMNTOMS,PAINT,32,2019-11-10 6:50,2019-11-11 0:30,2019-11-11 1:00,SETUP,2019-11-12 21:00
TSK-20191107-112038,-,EQP31,LOT_Tumbler_STARBUCKS_8,Tumbler_STARBUCKS,PROC_Tumbler_STARBUCKS,FINISH,32,2019-11-11 0:30,2019-11-11 0:30,2019-11-11 4:03,BUSY,2019-11-11 23:00
TSK-20191107-112038,-,EQP13,LOT_Tumbler_KANU_27,Tumbler_KANU,PROC_Tumbler_KANU,PRESS,32,2019-11-11 0:00,2019-11-11 0:53,2019-11-11 1:46,BUSY,2019-11-11 19:00
TSK-20191107-112038,-,EQP21,LOT_Tumbler_TOMNTOMS_6,Tumbler_TOMNTOMS,PROC_Tumbler_TOMNTOMS,PAINT,32,2019-11-10 6:50,2019-11-11 1:00,2019-11-11 9:00,BUSY,2019-11-12 21:00
TSK-20191107-112038,-,EQP11,LOT_Tumbler_STARBUCKS_9,Tumbler_STARBUCKS,PROC_Tumbler_STARBUCKS,PRESS,32,2019-11-11 0:00,2019-11-11 1:23,2019-11-11 1:53,SETUP,2019-11-11 19:00
TSK-20191107-112038,-,EQP12,LOT_Tumbler_STARBUCKS_10,Tumbler_STARBUCKS,PROC_Tumbler_STARBUCKS,PRESS,32,2019-11-11 0:00,2019-11-11 1:23,2019-11-11 1:53,SETUP,2019-11-12 19:00
TSK-20191107-112038,-,EQP22,LOT_Tumbler_TOMNTOMS_5,Tumbler_TOMNTOMS,PROC_Tumbler_TOMNTOMS,PAINT,32,2019-11-10 6:50,2019-11-11 1:30,2019-11-11 2:00,SETUP,2019-11-12 21:00
TSK-20191107-112038,-,EQP32,LOT_Tumbler_KANU_16,Tumbler_KANU,PROC_Tumbler_KANU,FINISH,32,2019-11-11 1:30,2019-11-11 1:30,2019-11-11 2:00,SETUP,2019-11-11 23:00
TSK-20191107-112038,-,EQP13,LOT_Tumbler_STARBUCKS_11,Tumbler_STARBUCKS,PROC_Tumbler_STARBUCKS,PRESS,32,2019-11-11 0:00,2019-11-11 1:46,2019-11-11 2:16,SETUP,2019-11-12 19:00
TSK-20191107-112038,-,EQP11,LOT_Tumbler_STARBUCKS_9,Tumbler_STARBUCKS,PROC_Tumbler_STARBUCKS,PRESS,32,2019-11-11 0:00,2019-11-11 1:53,2019-11-11 3:40,BUSY,2019-11-11 19:00
TSK-20191107-112038,-,EQP12,LOT_Tumbler_STARBUCKS_10,Tumbler_STARBUCKS,PROC_Tumbler_STARBUCKS,PRESS,32,2019-11-11 0:00,2019-11-11 1:53,2019-11-11 3:40,BUSY,2019-11-12 19:00
TSK-20191107-112038,-,EQP22,LOT_Tumbler_TOMNTOMS_5,Tumbler_TOMNTOMS,PROC_Tumbler_TOMNTOMS,PAINT,32,2019-11-10 6:50,2019-11-11 2:00,2019-11-11 10:00,BUSY,2019-11-12 21:00
TSK-20191107-112038,-,EQP32,LOT_Tumbler_KANU_16,Tumbler_KANU,PROC_Tumbler_KANU,FINISH,32,2019-11-11 1:30,2019-11-11 2:00,2019-11-11 3:46,BUSY,2019-11-11 23:00
TSK-20191107-112038,-,EQP13,LOT_Tumbler_STARBUCKS_11,Tumbler_STARBUCKS,PROC_Tumbler_STARBUCKS,PRESS,32,2019-11-11 0:00,2019-11-11 2:16,2019-11-11 4:03,BUSY,2019-11-12 19:00
TSK-20191107-112038,-,EQP11,LOT_Tumbler_TOMNTOMS_7,Tumbler_TOMNTOMS,PROC_Tumbler_TOMNTOMS,PRESS,32,2019-11-11 0:00,2019-11-11 3:40,2019-11-11 4:10,SETUP,2019-11-13 19:00
TSK-20191107-112038,-,EQP12,LOT_Tumbler_TOMNTOMS_8,Tumbler_TOMNTOMS,PROC_Tumbler_TOMNTOMS,PRESS,32,2019-11-11 0:00,2019-11-11 3:40,2019-11-11 4:10,SETUP,2019-11-13 19:00
TSK-20191107-112038,-,EQP13,LOT_Tumbler_KANU_23,Tumbler_KANU,PROC_Tumbler_KANU,PRESS,32,2019-11-11 0:00,2019-11-11 4:03,2019-11-11 4:33,SETUP,2019-11-11 19:00
TSK-20191107-112038,-,EQP11,LOT_Tumbler_TOMNTOMS_7,Tumbler_TOMNTOMS,PROC_Tumbler_TOMNTOMS,PRESS,32,2019-11-11 0:00,2019-11-11 4:10,2019-11-11 6:50,BUSY,2019-11-13 19:00
TSK-20191107-112038,-,EQP12,LOT_Tumbler_TOMNTOMS_8,Tumbler_TOMNTOMS,PROC_Tumbler_TOMNTOMS,PRESS,32,2019-11-11 0:00,2019-11-11 4:10,2019-11-11 6:50,BUSY,2019-11-13 19:00
TSK-20191107-112038,-,EQP13,LOT_Tumbler_KANU_23,Tumbler_KANU,PROC_Tumbler_KANU,PRESS,32,2019-11-11 0:00,2019-11-11 4:33,2019-11-11 5:26,BUSY,2019-11-11 19:00
TSK-20191107-112038,-,EQP13,LOT_Tumbler_KANU_22,Tumbler_KANU,PROC_Tumbler_KANU,PRESS,32,2019-11-11 0:00,2019-11-11 5:26,2019-11-11 6:20,BUSY,2019-11-11 19:00
TSK-20191107-112038,-,EQP21,LOT_Tumbler_KANU_26,Tumbler_KANU,PROC_Tumbler_KANU,PAINT,32,2019-11-11 0:53,2019-11-11 9:00,2019-11-11 9:30,SETUP,2019-11-11 21:00
TSK-20191107-112038,-,EQP31,LOT_Tumbler_TOMNTOMS_6,Tumbler_TOMNTOMS,PROC_Tumbler_TOMNTOMS,FINISH,32,2019-11-11 9:00,2019-11-11 9:00,2019-11-11 9:30,SETUP,2019-11-12 23:00
TSK-20191107-112038,-,EQP21,LOT_Tumbler_KANU_26,Tumbler_KANU,PROC_Tumbler_KANU,PAINT,32,2019-11-11 0:53,2019-11-11 9:30,2019-11-11 12:10,BUSY,2019-11-11 21:00
TSK-20191107-112038,-,EQP31,LOT_Tumbler_TOMNTOMS_6,Tumbler_TOMNTOMS,PROC_Tumbler_TOMNTOMS,FINISH,32,2019-11-11 9:00,2019-11-11 9:30,2019-11-11 14:50,BUSY,2019-11-12 23:00
TSK-20191107-112038,-,EQP22,LOT_Tumbler_KANU_25,Tumbler_KANU,PROC_Tumbler_KANU,PAINT,32,2019-11-11 1:23,2019-11-11 10:00,2019-11-11 10:30,SETUP,2019-11-11 21:00
TSK-20191107-112038,-,EQP32,LOT_Tumbler_TOMNTOMS_5,Tumbler_TOMNTOMS,PROC_Tumbler_TOMNTOMS,FINISH,32,2019-11-11 10:00,2019-11-11 10:00,2019-11-11 10:30,SETUP,2019-11-12 23:00
TSK-20191107-112038,-,EQP22,LOT_Tumbler_KANU_25,Tumbler_KANU,PROC_Tumbler_KANU,PAINT,32,2019-11-11 1:23,2019-11-11 10:30,2019-11-11 13:10,BUSY,2019-11-11 21:00
TSK-20191107-112038,-,EQP32,LOT_Tumbler_TOMNTOMS_5,Tumbler_TOMNTOMS,PROC_Tumbler_TOMNTOMS,FINISH,32,2019-11-11 10:00,2019-11-11 10:30,2019-11-11 15:50,BUSY,2019-11-12 23:00
TSK-20191107-112038,-,EQP21,LOT_Tumbler_KANU_24,Tumbler_KANU,PROC_Tumbler_KANU,PAINT,32,2019-11-11 1:23,2019-11-11 12:10,2019-11-11 14:50,BUSY,2019-11-11 21:00
TSK-20191107-112038,-,EQP33,LOT_Tumbler_KANU_26,Tumbler_KANU,PROC_Tumbler_KANU,FINISH,32,2019-11-11 12:10,2019-11-11 12:10,2019-11-11 13:56,BUSY,2019-11-11 23:00
TSK-20191107-112038,-,EQP22,LOT_Tumbler_KANU_27,Tumbler_KANU,PROC_Tumbler_KANU,PAINT,32,2019-11-11 1:46,2019-11-11 13:10,2019-11-11 15:50,BUSY,2019-11-11 21:00
TSK-20191107-112038,-,EQP33,LOT_Tumbler_KANU_25,Tumbler_KANU,PROC_Tumbler_KANU,FINISH,32,2019-11-11 13:10,2019-11-11 13:56,2019-11-11 15:43,BUSY,2019-11-11 23:00
TSK-20191107-112038,-,EQP21,LOT_Tumbler_STARBUCKS_10,Tumbler_STARBUCKS,PROC_Tumbler_STARBUCKS,PAINT,32,2019-11-11 3:40,2019-11-11 14:50,2019-11-11 15:20,SETUP,2019-11-12 21:00
TSK-20191107-112038,-,EQP31,LOT_Tumbler_KANU_24,Tumbler_KANU,PROC_Tumbler_KANU,FINISH,32,2019-11-11 14:50,2019-11-11 14:50,2019-11-11 15:20,SETUP,2019-11-11 23:00
TSK-20191107-112038,-,EQP21,LOT_Tumbler_STARBUCKS_10,Tumbler_STARBUCKS,PROC_Tumbler_STARBUCKS,PAINT,32,2019-11-11 3:40,2019-11-11 15:20,2019-11-11 20:40,BUSY,2019-11-12 21:00
TSK-20191107-112038,-,EQP31,LOT_Tumbler_KANU_24,Tumbler_KANU,PROC_Tumbler_KANU,FINISH,32,2019-11-11 14:50,2019-11-11 15:20,2019-11-11 17:06,BUSY,2019-11-11 23:00
TSK-20191107-112038,-,EQP22,LOT_Tumbler_STARBUCKS_9,Tumbler_STARBUCKS,PROC_Tumbler_STARBUCKS,PAINT,32,2019-11-11 3:40,2019-11-11 15:50,2019-11-11 16:20,SETUP,2019-11-11 21:00
TSK-20191107-112038,-,EQP32,LOT_Tumbler_KANU_27,Tumbler_KANU,PROC_Tumbler_KANU,FINISH,32,2019-11-11 15:50,2019-11-11 15:50,2019-11-11 16:20,SETUP,2019-11-11 23:00
TSK-20191107-112038,-,EQP22,LOT_Tumbler_STARBUCKS_9,Tumbler_STARBUCKS,PROC_Tumbler_STARBUCKS,PAINT,32,2019-11-11 3:40,2019-11-11 16:20,2019-11-11 21:40,BUSY,2019-11-11 21:00
TSK-20191107-112038,-,EQP32,LOT_Tumbler_KANU_27,Tumbler_KANU,PROC_Tumbler_KANU,FINISH,32,2019-11-11 15:50,2019-11-11 16:20,2019-11-11 18:06,BUSY,2019-11-11 23:00
TSK-20191107-112038,-,EQP21,LOT_Tumbler_STARBUCKS_11,Tumbler_STARBUCKS,PROC_Tumbler_STARBUCKS,PAINT,32,2019-11-11 4:03,2019-11-11 20:40,2019-11-12 2:00,BUSY,2019-11-12 21:00
TSK-20191107-112038,-,EQP31,LOT_Tumbler_STARBUCKS_10,Tumbler_STARBUCKS,PROC_Tumbler_STARBUCKS,FINISH,32,2019-11-11 20:40,2019-11-11 20:40,2019-11-11 21:10,SETUP,2019-11-12 23:00
TSK-20191107-112038,-,EQP31,LOT_Tumbler_STARBUCKS_10,Tumbler_STARBUCKS,PROC_Tumbler_STARBUCKS,FINISH,32,2019-11-11 20:40,2019-11-11 21:10,2019-11-12 0:43,BUSY,2019-11-12 23:00
TSK-20191107-112038,-,EQP22,LOT_Tumbler_KANU_23,Tumbler_KANU,PROC_Tumbler_KANU,PAINT,32,2019-11-11 5:26,2019-11-11 21:40,2019-11-11 22:10,SETUP,2019-11-11 21:00
TSK-20191107-112038,-,EQP32,LOT_Tumbler_STARBUCKS_9,Tumbler_STARBUCKS,PROC_Tumbler_STARBUCKS,FINISH,32,2019-11-11 21:40,2019-11-11 21:40,2019-11-11 22:10,SETUP,2019-11-12 23:00
TSK-20191107-112038,-,EQP22,LOT_Tumbler_KANU_23,Tumbler_KANU,PROC_Tumbler_KANU,PAINT,32,2019-11-11 5:26,2019-11-11 22:10,2019-11-12 0:50,BUSY,2019-11-11 21:00
TSK-20191107-112038,-,EQP32,LOT_Tumbler_STARBUCKS_9,Tumbler_STARBUCKS,PROC_Tumbler_STARBUCKS,FINISH,32,2019-11-11 21:40,2019-11-11 22:10,2019-11-12 1:43,BUSY,2019-11-12 23:00
TSK-20191107-112038,-,EQP11,LOT_Tumbler_KANU_30,Tumbler_KANU,PROC_Tumbler_KANU,PRESS,32,2019-11-12 0:00,2019-11-12 0:00,2019-11-12 0:30,SETUP,2019-11-12 19:00
TSK-20191107-112038,-,EQP12,LOT_Tumbler_KANU_31,Tumbler_KANU,PROC_Tumbler_KANU,PRESS,32,2019-11-12 0:00,2019-11-12 0:00,2019-11-12 0:30,SETUP,2019-11-12 19:00
TSK-20191107-112038,-,EQP13,LOT_Tumbler_KANU_32,Tumbler_KANU,PROC_Tumbler_KANU,PRESS,32,2019-11-12 0:00,2019-11-12 0:00,2019-11-12 0:53,BUSY,2019-11-12 19:00
TSK-20191107-112038,-,EQP11,LOT_Tumbler_KANU_30,Tumbler_KANU,PROC_Tumbler_KANU,PRESS,32,2019-11-12 0:00,2019-11-12 0:30,2019-11-12 1:23,BUSY,2019-11-12 19:00
TSK-20191107-112038,-,EQP12,LOT_Tumbler_KANU_31,Tumbler_KANU,PROC_Tumbler_KANU,PRESS,32,2019-11-12 0:00,2019-11-12 0:30,2019-11-12 1:23,BUSY,2019-11-12 19:00
TSK-20191107-112038,-,EQP22,LOT_Tumbler_KANU_22,Tumbler_KANU,PROC_Tumbler_KANU,PAINT,32,2019-11-11 6:20,2019-11-12 0:50,2019-11-12 3:30,BUSY,2019-11-11 21:00
TSK-20191107-112038,-,EQP31,LOT_Tumbler_KANU_23,Tumbler_KANU,PROC_Tumbler_KANU,FINISH,32,2019-11-12 0:50,2019-11-12 0:50,2019-11-12 1:20,SETUP,2019-11-11 23:00
TSK-20191107-112038,-,EQP13,LOT_Tumbler_KANU_33,Tumbler_KANU,PROC_Tumbler_KANU,PRESS,32,2019-11-12 0:00,2019-11-12 0:53,2019-11-12 1:46,BUSY,2019-11-12 19:00
TSK-20191107-112038,-,EQP31,LOT_Tumbler_KANU_23,Tumbler_KANU,PROC_Tumbler_KANU,FINISH,32,2019-11-12 0:50,2019-11-12 1:20,2019-11-12 3:06,BUSY,2019-11-11 23:00
TSK-20191107-112038,-,EQP11,LOT_Tumbler_STARBUCKS_12,Tumbler_STARBUCKS,PROC_Tumbler_STARBUCKS,PRESS,32,2019-11-12 0:00,2019-11-12 1:23,2019-11-12 1:53,SETUP,2019-11-12 19:00
TSK-20191107-112038,-,EQP12,LOT_Tumbler_STARBUCKS_13,Tumbler_STARBUCKS,PROC_Tumbler_STARBUCKS,PRESS,32,2019-11-12 0:00,2019-11-12 1:23,2019-11-12 1:53,SETUP,2019-11-13 19:00
TSK-20191107-112038,-,EQP13,LOT_Tumbler_STARBUCKS_14,Tumbler_STARBUCKS,PROC_Tumbler_STARBUCKS,PRESS,32,2019-11-12 0:00,2019-11-12 1:46,2019-11-12 2:16,SETUP,2019-11-13 19:00
TSK-20191107-112038,-,EQP11,LOT_Tumbler_STARBUCKS_12,Tumbler_STARBUCKS,PROC_Tumbler_STARBUCKS,PRESS,32,2019-11-12 0:00,2019-11-12 1:53,2019-11-12 3:40,BUSY,2019-11-12 19:00
TSK-20191107-112038,-,EQP12,LOT_Tumbler_STARBUCKS_13,Tumbler_STARBUCKS,PROC_Tumbler_STARBUCKS,PRESS,32,2019-11-12 0:00,2019-11-12 1:53,2019-11-12 3:40,BUSY,2019-11-13 19:00
TSK-20191107-112038,-,EQP21,LOT_Tumbler_TOMNTOMS_8,Tumbler_TOMNTOMS,PROC_Tumbler_TOMNTOMS,PAINT,32,2019-11-11 6:50,2019-11-12 2:00,2019-11-12 2:30,SETUP,2019-11-13 21:00
TSK-20191107-112038,-,EQP32,LOT_Tumbler_STARBUCKS_11,Tumbler_STARBUCKS,PROC_Tumbler_STARBUCKS,FINISH,32,2019-11-12 2:00,2019-11-12 2:00,2019-11-12 5:33,BUSY,2019-11-12 23:00
TSK-20191107-112038,-,EQP13,LOT_Tumbler_STARBUCKS_14,Tumbler_STARBUCKS,PROC_Tumbler_STARBUCKS,PRESS,32,2019-11-12 0:00,2019-11-12 2:16,2019-11-12 4:03,BUSY,2019-11-13 19:00
TSK-20191107-112038,-,EQP21,LOT_Tumbler_TOMNTOMS_8,Tumbler_TOMNTOMS,PROC_Tumbler_TOMNTOMS,PAINT,32,2019-11-11 6:50,2019-11-12 2:30,2019-11-12 10:30,BUSY,2019-11-13 21:00
TSK-20191107-112038,-,EQP22,LOT_Tumbler_TOMNTOMS_7,Tumbler_TOMNTOMS,PROC_Tumbler_TOMNTOMS,PAINT,32,2019-11-11 6:50,2019-11-12 3:30,2019-11-12 4:00,SETUP,2019-11-13 21:00
TSK-20191107-112038,-,EQP31,LOT_Tumbler_KANU_22,Tumbler_KANU,PROC_Tumbler_KANU,FINISH,32,2019-11-12 3:30,2019-11-12 3:30,2019-11-12 5:16,BUSY,2019-11-12 23:00
TSK-20191107-112038,-,EQP11,LOT_Tumbler_TOMNTOMS_9,Tumbler_TOMNTOMS,PROC_Tumbler_TOMNTOMS,PRESS,32,2019-11-12 0:00,2019-11-12 3:40,2019-11-12 4:10,SETUP,2019-11-14 19:00
TSK-20191107-112038,-,EQP12,LOT_Tumbler_TOMNTOMS_10,Tumbler_TOMNTOMS,PROC_Tumbler_TOMNTOMS,PRESS,32,2019-11-12 0:00,2019-11-12 3:40,2019-11-12 4:10,SETUP,2019-11-14 19:00
TSK-20191107-112038,-,EQP22,LOT_Tumbler_TOMNTOMS_7,Tumbler_TOMNTOMS,PROC_Tumbler_TOMNTOMS,PAINT,32,2019-11-11 6:50,2019-11-12 4:00,2019-11-12 12:00,BUSY,2019-11-13 21:00
TSK-20191107-112038,-,EQP13,LOT_Tumbler_KANU_29,Tumbler_KANU,PROC_Tumbler_KANU,PRESS,32,2019-11-12 0:00,2019-11-12 4:03,2019-11-12 4:33,SETUP,2019-11-12 19:00
TSK-20191107-112038,-,EQP11,LOT_Tumbler_TOMNTOMS_9,Tumbler_TOMNTOMS,PROC_Tumbler_TOMNTOMS,PRESS,32,2019-11-12 0:00,2019-11-12 4:10,2019-11-12 6:50,BUSY,2019-11-14 19:00
TSK-20191107-112038,-,EQP12,LOT_Tumbler_TOMNTOMS_10,Tumbler_TOMNTOMS,PROC_Tumbler_TOMNTOMS,PRESS,32,2019-11-12 0:00,2019-11-12 4:10,2019-11-12 6:50,BUSY,2019-11-14 19:00
TSK-20191107-112038,-,EQP13,LOT_Tumbler_KANU_29,Tumbler_KANU,PROC_Tumbler_KANU,PRESS,32,2019-11-12 0:00,2019-11-12 4:33,2019-11-12 5:26,BUSY,2019-11-12 19:00
TSK-20191107-112038,-,EQP13,LOT_Tumbler_KANU_28,Tumbler_KANU,PROC_Tumbler_KANU,PRESS,32,2019-11-12 0:00,2019-11-12 5:26,2019-11-12 6:20,BUSY,2019-11-12 19:00
TSK-20191107-112038,-,EQP21,LOT_Tumbler_KANU_32,Tumbler_KANU,PROC_Tumbler_KANU,PAINT,32,2019-11-12 0:53,2019-11-12 10:30,2019-11-12 11:00,SETUP,2019-11-12 21:00
TSK-20191107-112038,-,EQP31,LOT_Tumbler_TOMNTOMS_8,Tumbler_TOMNTOMS,PROC_Tumbler_TOMNTOMS,FINISH,32,2019-11-12 10:30,2019-11-12 10:30,2019-11-12 11:00,SETUP,2019-11-13 23:00
TSK-20191107-112038,-,EQP21,LOT_Tumbler_KANU_32,Tumbler_KANU,PROC_Tumbler_KANU,PAINT,32,2019-11-12 0:53,2019-11-12 11:00,2019-11-12 13:40,BUSY,2019-11-12 21:00
TSK-20191107-112038,-,EQP31,LOT_Tumbler_TOMNTOMS_8,Tumbler_TOMNTOMS,PROC_Tumbler_TOMNTOMS,FINISH,32,2019-11-12 10:30,2019-11-12 11:00,2019-11-12 16:20,BUSY,2019-11-13 23:00
TSK-20191107-112038,-,EQP22,LOT_Tumbler_KANU_31,Tumbler_KANU,PROC_Tumbler_KANU,PAINT,32,2019-11-12 1:23,2019-11-12 12:00,2019-11-12 12:30,SETUP,2019-11-12 21:00
TSK-20191107-112038,-,EQP32,LOT_Tumbler_TOMNTOMS_7,Tumbler_TOMNTOMS,PROC_Tumbler_TOMNTOMS,FINISH,32,2019-11-12 12:00,2019-11-12 12:00,2019-11-12 12:30,SETUP,2019-11-13 23:00
TSK-20191107-112038,-,EQP22,LOT_Tumbler_KANU_31,Tumbler_KANU,PROC_Tumbler_KANU,PAINT,32,2019-11-12 1:23,2019-11-12 12:30,2019-11-12 15:10,BUSY,2019-11-12 21:00
TSK-20191107-112038,-,EQP32,LOT_Tumbler_TOMNTOMS_7,Tumbler_TOMNTOMS,PROC_Tumbler_TOMNTOMS,FINISH,32,2019-11-12 12:00,2019-11-12 12:30,2019-11-12 17:50,BUSY,2019-11-13 23:00
TSK-20191107-112038,-,EQP21,LOT_Tumbler_KANU_30,Tumbler_KANU,PROC_Tumbler_KANU,PAINT,32,2019-11-12 1:23,2019-11-12 13:40,2019-11-12 16:20,BUSY,2019-11-12 21:00
TSK-20191107-112038,-,EQP33,LOT_Tumbler_KANU_32,Tumbler_KANU,PROC_Tumbler_KANU,FINISH,32,2019-11-12 13:40,2019-11-12 13:40,2019-11-12 15:26,BUSY,2019-11-12 23:00
TSK-20191107-112038,-,EQP22,LOT_Tumbler_KANU_33,Tumbler_KANU,PROC_Tumbler_KANU,PAINT,32,2019-11-12 1:46,2019-11-12 15:10,2019-11-12 17:50,BUSY,2019-11-12 21:00
TSK-20191107-112038,-,EQP33,LOT_Tumbler_KANU_31,Tumbler_KANU,PROC_Tumbler_KANU,FINISH,32,2019-11-12 15:10,2019-11-12 15:26,2019-11-12 17:13,BUSY,2019-11-12 23:00
TSK-20191107-112038,-,EQP21,LOT_Tumbler_STARBUCKS_13,Tumbler_STARBUCKS,PROC_Tumbler_STARBUCKS,PAINT,32,2019-11-12 3:40,2019-11-12 16:20,2019-11-12 16:50,SETUP,2019-11-13 21:00
TSK-20191107-112038,-,EQP31,LOT_Tumbler_KANU_30,Tumbler_KANU,PROC_Tumbler_KANU,FINISH,32,2019-11-12 16:20,2019-11-12 16:20,2019-11-12 16:50,SETUP,2019-11-12 23:00
TSK-20191107-112038,-,EQP21,LOT_Tumbler_STARBUCKS_13,Tumbler_STARBUCKS,PROC_Tumbler_STARBUCKS,PAINT,32,2019-11-12 3:40,2019-11-12 16:50,2019-11-12 22:10,BUSY,2019-11-13 21:00
TSK-20191107-112038,-,EQP31,LOT_Tumbler_KANU_30,Tumbler_KANU,PROC_Tumbler_KANU,FINISH,32,2019-11-12 16:20,2019-11-12 16:50,2019-11-12 18:36,BUSY,2019-11-12 23:00
TSK-20191107-112038,-,EQP22,LOT_Tumbler_STARBUCKS_12,Tumbler_STARBUCKS,PROC_Tumbler_STARBUCKS,PAINT,32,2019-11-12 3:40,2019-11-12 17:50,2019-11-12 18:20,SETUP,2019-11-12 21:00
TSK-20191107-112038,-,EQP32,LOT_Tumbler_KANU_33,Tumbler_KANU,PROC_Tumbler_KANU,FINISH,32,2019-11-12 17:50,2019-11-12 17:50,2019-11-12 18:20,SETUP,2019-11-12 23:00
TSK-20191107-112038,-,EQP22,LOT_Tumbler_STARBUCKS_12,Tumbler_STARBUCKS,PROC_Tumbler_STARBUCKS,PAINT,32,2019-11-12 3:40,2019-11-12 18:20,2019-11-12 23:40,BUSY,2019-11-12 21:00
TSK-20191107-112038,-,EQP32,LOT_Tumbler_KANU_33,Tumbler_KANU,PROC_Tumbler_KANU,FINISH,32,2019-11-12 17:50,2019-11-12 18:20,2019-11-12 20:06,BUSY,2019-11-12 23:00
TSK-20191107-112038,-,EQP21,LOT_Tumbler_STARBUCKS_14,Tumbler_STARBUCKS,PROC_Tumbler_STARBUCKS,PAINT,32,2019-11-12 4:03,2019-11-12 22:10,2019-11-13 3:30,BUSY,2019-11-13 21:00
TSK-20191107-112038,-,EQP31,LOT_Tumbler_STARBUCKS_13,Tumbler_STARBUCKS,PROC_Tumbler_STARBUCKS,FINISH,32,2019-11-12 22:10,2019-11-12 22:10,2019-11-12 22:40,SETUP,2019-11-13 23:00
TSK-20191107-112038,-,EQP31,LOT_Tumbler_STARBUCKS_13,Tumbler_STARBUCKS,PROC_Tumbler_STARBUCKS,FINISH,32,2019-11-12 22:10,2019-11-12 22:40,2019-11-13 2:13,BUSY,2019-11-13 23:00
TSK-20191107-112038,-,EQP22,LOT_Tumbler_KANU_29,Tumbler_KANU,PROC_Tumbler_KANU,PAINT,32,2019-11-12 5:26,2019-11-12 23:40,2019-11-13 0:10,SETUP,2019-11-12 21:00
TSK-20191107-112038,-,EQP32,LOT_Tumbler_STARBUCKS_12,Tumbler_STARBUCKS,PROC_Tumbler_STARBUCKS,FINISH,32,2019-11-12 23:40,2019-11-12 23:40,2019-11-13 0:10,SETUP,2019-11-13 23:00
TSK-20191107-112038,-,EQP11,LOT_Tumbler_KANU_36,Tumbler_KANU,PROC_Tumbler_KANU,PRESS,32,2019-11-13 0:00,2019-11-13 0:00,2019-11-13 0:30,SETUP,2019-11-13 19:00
TSK-20191107-112038,-,EQP12,LOT_Tumbler_KANU_37,Tumbler_KANU,PROC_Tumbler_KANU,PRESS,32,2019-11-13 0:00,2019-11-13 0:00,2019-11-13 0:30,SETUP,2019-11-13 19:00
TSK-20191107-112038,-,EQP13,LOT_Tumbler_KANU_38,Tumbler_KANU,PROC_Tumbler_KANU,PRESS,32,2019-11-13 0:00,2019-11-13 0:00,2019-11-13 0:53,BUSY,2019-11-13 19:00
TSK-20191107-112038,-,EQP22,LOT_Tumbler_KANU_29,Tumbler_KANU,PROC_Tumbler_KANU,PAINT,32,2019-11-12 5:26,2019-11-13 0:10,2019-11-13 2:50,BUSY,2019-11-12 21:00
TSK-20191107-112038,-,EQP32,LOT_Tumbler_STARBUCKS_12,Tumbler_STARBUCKS,PROC_Tumbler_STARBUCKS,FINISH,32,2019-11-12 23:40,2019-11-13 0:10,2019-11-13 3:43,BUSY,2019-11-13 23:00
TSK-20191107-112038,-,EQP11,LOT_Tumbler_KANU_36,Tumbler_KANU,PROC_Tumbler_KANU,PRESS,32,2019-11-13 0:00,2019-11-13 0:30,2019-11-13 1:23,BUSY,2019-11-13 19:00
TSK-20191107-112038,-,EQP12,LOT_Tumbler_KANU_37,Tumbler_KANU,PROC_Tumbler_KANU,PRESS,32,2019-11-13 0:00,2019-11-13 0:30,2019-11-13 1:23,BUSY,2019-11-13 19:00
TSK-20191107-112038,-,EQP13,LOT_Tumbler_KANU_39,Tumbler_KANU,PROC_Tumbler_KANU,PRESS,32,2019-11-13 0:00,2019-11-13 0:53,2019-11-13 1:46,BUSY,2019-11-13 19:00
TSK-20191107-112038,-,EQP11,LOT_Tumbler_STARBUCKS_15,Tumbler_STARBUCKS,PROC_Tumbler_STARBUCKS,PRESS,32,2019-11-13 0:00,2019-11-13 1:23,2019-11-13 1:53,SETUP,2019-11-13 19:00
TSK-20191107-112038,-,EQP12,LOT_Tumbler_STARBUCKS_16,Tumbler_STARBUCKS,PROC_Tumbler_STARBUCKS,PRESS,32,2019-11-13 0:00,2019-11-13 1:23,2019-11-13 1:53,SETUP,2019-11-14 19:00
TSK-20191107-112038,-,EQP13,LOT_Tumbler_STARBUCKS_17,Tumbler_STARBUCKS,PROC_Tumbler_STARBUCKS,PRESS,32,2019-11-13 0:00,2019-11-13 1:46,2019-11-13 2:16,SETUP,2019-11-14 19:00
TSK-20191107-112038,-,EQP11,LOT_Tumbler_STARBUCKS_15,Tumbler_STARBUCKS,PROC_Tumbler_STARBUCKS,PRESS,32,2019-11-13 0:00,2019-11-13 1:53,2019-11-13 3:40,BUSY,2019-11-13 19:00
TSK-20191107-112038,-,EQP12,LOT_Tumbler_STARBUCKS_16,Tumbler_STARBUCKS,PROC_Tumbler_STARBUCKS,PRESS,32,2019-11-13 0:00,2019-11-13 1:53,2019-11-13 3:40,BUSY,2019-11-14 19:00
TSK-20191107-112038,-,EQP13,LOT_Tumbler_STARBUCKS_17,Tumbler_STARBUCKS,PROC_Tumbler_STARBUCKS,PRESS,32,2019-11-13 0:00,2019-11-13 2:16,2019-11-13 4:03,BUSY,2019-11-14 19:00
TSK-20191107-112038,-,EQP22,LOT_Tumbler_KANU_28,Tumbler_KANU,PROC_Tumbler_KANU,PAINT,32,2019-11-12 6:20,2019-11-13 2:50,2019-11-13 5:30,BUSY,2019-11-12 21:00
TSK-20191107-112038,-,EQP31,LOT_Tumbler_KANU_29,Tumbler_KANU,PROC_Tumbler_KANU,FINISH,32,2019-11-13 2:50,2019-11-13 2:50,2019-11-13 3:20,SETUP,2019-11-12 23:00
TSK-20191107-112038,-,EQP31,LOT_Tumbler_KANU_29,Tumbler_KANU,PROC_Tumbler_KANU,FINISH,32,2019-11-13 2:50,2019-11-13 3:20,2019-11-13 5:06,BUSY,2019-11-12 23:00
TSK-20191107-112038,-,EQP21,LOT_Tumbler_TOMNTOMS_10,Tumbler_TOMNTOMS,PROC_Tumbler_TOMNTOMS,PAINT,32,2019-11-12 6:50,2019-11-13 3:30,2019-11-13 4:00,SETUP,2019-11-14 21:00
TSK-20191107-112038,-,EQP33,LOT_Tumbler_STARBUCKS_14,Tumbler_STARBUCKS,PROC_Tumbler_STARBUCKS,FINISH,32,2019-11-13 3:30,2019-11-13 3:30,2019-11-13 4:00,SETUP,2019-11-13 23:00
TSK-20191107-112038,-,EQP11,LOT_Tumbler_TOMNTOMS_11,Tumbler_TOMNTOMS,PROC_Tumbler_TOMNTOMS,PRESS,32,2019-11-13 0:00,2019-11-13 3:40,2019-11-13 4:10,SETUP,2019-11-14 19:00
TSK-20191107-112038,-,EQP12,LOT_Tumbler_TOMNTOMS_12,Tumbler_TOMNTOMS,PROC_Tumbler_TOMNTOMS,PRESS,32,2019-11-13 0:00,2019-11-13 3:40,2019-11-13 4:10,SETUP,2019-11-14 19:00
TSK-20191107-112038,-,EQP21,LOT_Tumbler_TOMNTOMS_10,Tumbler_TOMNTOMS,PROC_Tumbler_TOMNTOMS,PAINT,32,2019-11-12 6:50,2019-11-13 4:00,2019-11-13 12:00,BUSY,2019-11-14 21:00
TSK-20191107-112038,-,EQP33,LOT_Tumbler_STARBUCKS_14,Tumbler_STARBUCKS,PROC_Tumbler_STARBUCKS,FINISH,32,2019-11-13 3:30,2019-11-13 4:00,2019-11-13 7:33,BUSY,2019-11-13 23:00
TSK-20191107-112038,-,EQP13,LOT_Tumbler_KANU_35,Tumbler_KANU,PROC_Tumbler_KANU,PRESS,32,2019-11-13 0:00,2019-11-13 4:03,2019-11-13 4:33,SETUP,2019-11-13 19:00
TSK-20191107-112038,-,EQP11,LOT_Tumbler_TOMNTOMS_11,Tumbler_TOMNTOMS,PROC_Tumbler_TOMNTOMS,PRESS,32,2019-11-13 0:00,2019-11-13 4:10,2019-11-13 6:50,BUSY,2019-11-14 19:00
TSK-20191107-112038,-,EQP12,LOT_Tumbler_TOMNTOMS_12,Tumbler_TOMNTOMS,PROC_Tumbler_TOMNTOMS,PRESS,32,2019-11-13 0:00,2019-11-13 4:10,2019-11-13 6:50,BUSY,2019-11-14 19:00
TSK-20191107-112038,-,EQP13,LOT_Tumbler_KANU_35,Tumbler_KANU,PROC_Tumbler_KANU,PRESS,32,2019-11-13 0:00,2019-11-13 4:33,2019-11-13 5:26,BUSY,2019-11-13 19:00
TSK-20191107-112038,-,EQP13,LOT_Tumbler_KANU_34,Tumbler_KANU,PROC_Tumbler_KANU,PRESS,32,2019-11-13 0:00,2019-11-13 5:26,2019-11-13 6:20,BUSY,2019-11-13 19:00
TSK-20191107-112038,-,EQP22,LOT_Tumbler_TOMNTOMS_9,Tumbler_TOMNTOMS,PROC_Tumbler_TOMNTOMS,PAINT,32,2019-11-12 6:50,2019-11-13 5:30,2019-11-13 6:00,SETUP,2019-11-14 21:00
TSK-20191107-112038,-,EQP31,LOT_Tumbler_KANU_28,Tumbler_KANU,PROC_Tumbler_KANU,FINISH,32,2019-11-13 5:30,2019-11-13 5:30,2019-11-13 7:16,BUSY,2019-11-13 23:00
TSK-20191107-112038,-,EQP22,LOT_Tumbler_TOMNTOMS_9,Tumbler_TOMNTOMS,PROC_Tumbler_TOMNTOMS,PAINT,32,2019-11-12 6:50,2019-11-13 6:00,2019-11-13 14:00,BUSY,2019-11-14 21:00
TSK-20191107-112038,-,EQP21,LOT_Tumbler_KANU_38,Tumbler_KANU,PROC_Tumbler_KANU,PAINT,32,2019-11-13 0:53,2019-11-13 12:00,2019-11-13 12:30,SETUP,2019-11-13 21:00
TSK-20191107-112038,-,EQP31,LOT_Tumbler_TOMNTOMS_10,Tumbler_TOMNTOMS,PROC_Tumbler_TOMNTOMS,FINISH,32,2019-11-13 12:00,2019-11-13 12:00,2019-11-13 12:30,SETUP,2019-11-14 23:00
TSK-20191107-112038,-,EQP21,LOT_Tumbler_KANU_38,Tumbler_KANU,PROC_Tumbler_KANU,PAINT,32,2019-11-13 0:53,2019-11-13 12:30,2019-11-13 15:10,BUSY,2019-11-13 21:00
TSK-20191107-112038,-,EQP31,LOT_Tumbler_TOMNTOMS_10,Tumbler_TOMNTOMS,PROC_Tumbler_TOMNTOMS,FINISH,32,2019-11-13 12:00,2019-11-13 12:30,2019-11-13 17:50,BUSY,2019-11-14 23:00
TSK-20191107-112038,-,EQP22,LOT_Tumbler_KANU_37,Tumbler_KANU,PROC_Tumbler_KANU,PAINT,32,2019-11-13 1:23,2019-11-13 14:00,2019-11-13 14:30,SETUP,2019-11-13 21:00
TSK-20191107-112038,-,EQP32,LOT_Tumbler_TOMNTOMS_9,Tumbler_TOMNTOMS,PROC_Tumbler_TOMNTOMS,FINISH,32,2019-11-13 14:00,2019-11-13 14:00,2019-11-13 14:30,SETUP,2019-11-14 23:00
TSK-20191107-112038,-,EQP22,LOT_Tumbler_KANU_37,Tumbler_KANU,PROC_Tumbler_KANU,PAINT,32,2019-11-13 1:23,2019-11-13 14:30,2019-11-13 17:10,BUSY,2019-11-13 21:00
TSK-20191107-112038,-,EQP32,LOT_Tumbler_TOMNTOMS_9,Tumbler_TOMNTOMS,PROC_Tumbler_TOMNTOMS,FINISH,32,2019-11-13 14:00,2019-11-13 14:30,2019-11-13 19:50,BUSY,2019-11-14 23:00
TSK-20191107-112038,-,EQP21,LOT_Tumbler_KANU_36,Tumbler_KANU,PROC_Tumbler_KANU,PAINT,32,2019-11-13 1:23,2019-11-13 15:10,2019-11-13 17:50,BUSY,2019-11-13 21:00
TSK-20191107-112038,-,EQP33,LOT_Tumbler_KANU_38,Tumbler_KANU,PROC_Tumbler_KANU,FINISH,32,2019-11-13 15:10,2019-11-13 15:10,2019-11-13 15:40,SETUP,2019-11-13 23:00
TSK-20191107-112038,-,EQP33,LOT_Tumbler_KANU_38,Tumbler_KANU,PROC_Tumbler_KANU,FINISH,32,2019-11-13 15:10,2019-11-13 15:40,2019-11-13 17:26,BUSY,2019-11-13 23:00
TSK-20191107-112038,-,EQP22,LOT_Tumbler_KANU_39,Tumbler_KANU,PROC_Tumbler_KANU,PAINT,32,2019-11-13 1:46,2019-11-13 17:10,2019-11-13 19:50,BUSY,2019-11-13 21:00
TSK-20191107-112038,-,EQP33,LOT_Tumbler_KANU_37,Tumbler_KANU,PROC_Tumbler_KANU,FINISH,32,2019-11-13 17:10,2019-11-13 17:26,2019-11-13 19:13,BUSY,2019-11-13 23:00
TSK-20191107-112038,-,EQP21,LOT_Tumbler_STARBUCKS_16,Tumbler_STARBUCKS,PROC_Tumbler_STARBUCKS,PAINT,32,2019-11-13 3:40,2019-11-13 17:50,2019-11-13 18:20,SETUP,2019-11-14 21:00
TSK-20191107-112038,-,EQP31,LOT_Tumbler_KANU_36,Tumbler_KANU,PROC_Tumbler_KANU,FINISH,32,2019-11-13 17:50,2019-11-13 17:50,2019-11-13 18:20,SETUP,2019-11-13 23:00
TSK-20191107-112038,-,EQP21,LOT_Tumbler_STARBUCKS_16,Tumbler_STARBUCKS,PROC_Tumbler_STARBUCKS,PAINT,32,2019-11-13 3:40,2019-11-13 18:20,2019-11-13 23:40,BUSY,2019-11-14 21:00
TSK-20191107-112038,-,EQP31,LOT_Tumbler_KANU_36,Tumbler_KANU,PROC_Tumbler_KANU,FINISH,32,2019-11-13 17:50,2019-11-13 18:20,2019-11-13 20:06,BUSY,2019-11-13 23:00
TSK-20191107-112038,-,EQP22,LOT_Tumbler_STARBUCKS_15,Tumbler_STARBUCKS,PROC_Tumbler_STARBUCKS,PAINT,32,2019-11-13 3:40,2019-11-13 19:50,2019-11-13 20:20,SETUP,2019-11-13 21:00
TSK-20191107-112038,-,EQP32,LOT_Tumbler_KANU_39,Tumbler_KANU,PROC_Tumbler_KANU,FINISH,32,2019-11-13 19:50,2019-11-13 19:50,2019-11-13 20:20,SETUP,2019-11-13 23:00
TSK-20191107-112038,-,EQP22,LOT_Tumbler_STARBUCKS_15,Tumbler_STARBUCKS,PROC_Tumbler_STARBUCKS,PAINT,32,2019-11-13 3:40,2019-11-13 20:20,2019-11-14 1:40,BUSY,2019-11-13 21:00
TSK-20191107-112038,-,EQP32,LOT_Tumbler_KANU_39,Tumbler_KANU,PROC_Tumbler_KANU,FINISH,32,2019-11-13 19:50,2019-11-13 20:20,2019-11-13 22:06,BUSY,2019-11-13 23:00
TSK-20191107-112038,-,EQP21,LOT_Tumbler_STARBUCKS_17,Tumbler_STARBUCKS,PROC_Tumbler_STARBUCKS,PAINT,32,2019-11-13 4:03,2019-11-13 23:40,2019-11-14 5:00,BUSY,2019-11-14 21:00
TSK-20191107-112038,-,EQP31,LOT_Tumbler_STARBUCKS_16,Tumbler_STARBUCKS,PROC_Tumbler_STARBUCKS,FINISH,32,2019-11-13 23:40,2019-11-13 23:40,2019-11-14 0:10,SETUP,2019-11-14 23:00
TSK-20191107-112038,-,EQP11,LOT_Tumbler_STARBUCKS_18,Tumbler_STARBUCKS,PROC_Tumbler_STARBUCKS,PRESS,32,2019-11-14 0:00,2019-11-14 0:00,2019-11-14 0:30,SETUP,2019-11-14 19:00
TSK-20191107-112038,-,EQP12,LOT_Tumbler_STARBUCKS_19,Tumbler_STARBUCKS,PROC_Tumbler_STARBUCKS,PRESS,32,2019-11-14 0:00,2019-11-14 0:00,2019-11-14 0:30,SETUP,2019-11-14 19:00
TSK-20191107-112038,-,EQP13,LOT_Tumbler_STARBUCKS_20,Tumbler_STARBUCKS,PROC_Tumbler_STARBUCKS,PRESS,32,2019-11-14 0:00,2019-11-14 0:00,2019-11-14 0:30,SETUP,2019-11-14 19:00
TSK-20191107-112038,-,EQP31,LOT_Tumbler_STARBUCKS_16,Tumbler_STARBUCKS,PROC_Tumbler_STARBUCKS,FINISH,32,2019-11-13 23:40,2019-11-14 0:10,2019-11-14 3:43,BUSY,2019-11-14 23:00
TSK-20191107-112038,-,EQP11,LOT_Tumbler_STARBUCKS_18,Tumbler_STARBUCKS,PROC_Tumbler_STARBUCKS,PRESS,32,2019-11-14 0:00,2019-11-14 0:30,2019-11-14 2:16,BUSY,2019-11-14 19:00
TSK-20191107-112038,-,EQP12,LOT_Tumbler_STARBUCKS_19,Tumbler_STARBUCKS,PROC_Tumbler_STARBUCKS,PRESS,32,2019-11-14 0:00,2019-11-14 0:30,2019-11-14 2:16,BUSY,2019-11-14 19:00
TSK-20191107-112038,-,EQP13,LOT_Tumbler_STARBUCKS_20,Tumbler_STARBUCKS,PROC_Tumbler_STARBUCKS,PRESS,32,2019-11-14 0:00,2019-11-14 0:30,2019-11-14 2:16,BUSY,2019-11-14 19:00
TSK-20191107-112038,-,EQP22,LOT_Tumbler_KANU_35,Tumbler_KANU,PROC_Tumbler_KANU,PAINT,32,2019-11-13 5:26,2019-11-14 1:40,2019-11-14 2:10,SETUP,2019-11-13 21:00
TSK-20191107-112038,-,EQP32,LOT_Tumbler_STARBUCKS_15,Tumbler_STARBUCKS,PROC_Tumbler_STARBUCKS,FINISH,32,2019-11-14 1:40,2019-11-14 1:40,2019-11-14 2:10,SETUP,2019-11-14 23:00
TSK-20191107-112038,-,EQP22,LOT_Tumbler_KANU_35,Tumbler_KANU,PROC_Tumbler_KANU,PAINT,32,2019-11-13 5:26,2019-11-14 2:10,2019-11-14 4:50,BUSY,2019-11-13 21:00
TSK-20191107-112038,-,EQP32,LOT_Tumbler_STARBUCKS_15,Tumbler_STARBUCKS,PROC_Tumbler_STARBUCKS,FINISH,32,2019-11-14 1:40,2019-11-14 2:10,2019-11-14 5:43,BUSY,2019-11-14 23:00
TSK-20191107-112038,-,EQP11,LOT_Tumbler_TOMNTOMS_13,Tumbler_TOMNTOMS,PROC_Tumbler_TOMNTOMS,PRESS,32,2019-11-14 0:00,2019-11-14 2:16,2019-11-14 2:46,SETUP,2019-11-14 19:00
TSK-20191107-112038,-,EQP12,LOT_Tumbler_TOMNTOMS_14,Tumbler_TOMNTOMS,PROC_Tumbler_TOMNTOMS,PRESS,32,2019-11-14 0:00,2019-11-14 2:16,2019-11-14 2:46,SETUP,2019-11-14 19:00
TSK-20191107-112038,-,EQP13,LOT_Tumbler_KANU_41,Tumbler_KANU,PROC_Tumbler_KANU,PRESS,32,2019-11-14 0:00,2019-11-14 2:16,2019-11-14 2:46,SETUP,2019-11-14 19:00
TSK-20191107-112038,-,EQP11,LOT_Tumbler_TOMNTOMS_13,Tumbler_TOMNTOMS,PROC_Tumbler_TOMNTOMS,PRESS,32,2019-11-14 0:00,2019-11-14 2:46,2019-11-14 5:26,BUSY,2019-11-14 19:00
TSK-20191107-112038,-,EQP12,LOT_Tumbler_TOMNTOMS_14,Tumbler_TOMNTOMS,PROC_Tumbler_TOMNTOMS,PRESS,32,2019-11-14 0:00,2019-11-14 2:46,2019-11-14 5:26,BUSY,2019-11-14 19:00
TSK-20191107-112038,-,EQP13,LOT_Tumbler_KANU_41,Tumbler_KANU,PROC_Tumbler_KANU,PRESS,32,2019-11-14 0:00,2019-11-14 2:46,2019-11-14 3:40,BUSY,2019-11-14 19:00
TSK-20191107-112038,-,EQP13,LOT_Tumbler_KANU_40,Tumbler_KANU,PROC_Tumbler_KANU,PRESS,32,2019-11-14 0:00,2019-11-14 3:40,2019-11-14 4:33,BUSY,2019-11-14 19:00
TSK-20191107-112038,-,EQP22,LOT_Tumbler_KANU_34,Tumbler_KANU,PROC_Tumbler_KANU,PAINT,32,2019-11-13 6:20,2019-11-14 4:50,2019-11-14 7:30,BUSY,2019-11-13 21:00
TSK-20191107-112038,-,EQP31,LOT_Tumbler_KANU_35,Tumbler_KANU,PROC_Tumbler_KANU,FINISH,32,2019-11-14 4:50,2019-11-14 4:50,2019-11-14 5:20,SETUP,2019-11-13 23:00
TSK-20191107-112038,-,EQP21,LOT_Tumbler_TOMNTOMS_12,Tumbler_TOMNTOMS,PROC_Tumbler_TOMNTOMS,PAINT,32,2019-11-13 6:50,2019-11-14 5:00,2019-11-14 5:30,SETUP,2019-11-14 21:00
TSK-20191107-112038,-,EQP33,LOT_Tumbler_STARBUCKS_17,Tumbler_STARBUCKS,PROC_Tumbler_STARBUCKS,FINISH,32,2019-11-14 5:00,2019-11-14 5:00,2019-11-14 5:30,SETUP,2019-11-14 23:00
TSK-20191107-112038,-,EQP31,LOT_Tumbler_KANU_35,Tumbler_KANU,PROC_Tumbler_KANU,FINISH,32,2019-11-14 4:50,2019-11-14 5:20,2019-11-14 7:06,BUSY,2019-11-13 23:00
TSK-20191107-112038,-,EQP21,LOT_Tumbler_TOMNTOMS_12,Tumbler_TOMNTOMS,PROC_Tumbler_TOMNTOMS,PAINT,32,2019-11-13 6:50,2019-11-14 5:30,2019-11-14 13:30,BUSY,2019-11-14 21:00
TSK-20191107-112038,-,EQP33,LOT_Tumbler_STARBUCKS_17,Tumbler_STARBUCKS,PROC_Tumbler_STARBUCKS,FINISH,32,2019-11-14 5:00,2019-11-14 5:30,2019-11-14 9:03,BUSY,2019-11-14 23:00
TSK-20191107-112038,-,EQP22,LOT_Tumbler_TOMNTOMS_11,Tumbler_TOMNTOMS,PROC_Tumbler_TOMNTOMS,PAINT,32,2019-11-13 6:50,2019-11-14 7:30,2019-11-14 8:00,SETUP,2019-11-14 21:00
TSK-20191107-112038,-,EQP31,LOT_Tumbler_KANU_34,Tumbler_KANU,PROC_Tumbler_KANU,FINISH,32,2019-11-14 7:30,2019-11-14 7:30,2019-11-14 9:16,BUSY,2019-11-14 23:00
TSK-20191107-112038,-,EQP22,LOT_Tumbler_TOMNTOMS_11,Tumbler_TOMNTOMS,PROC_Tumbler_TOMNTOMS,PAINT,32,2019-11-13 6:50,2019-11-14 8:00,2019-11-14 16:00,BUSY,2019-11-14 21:00
TSK-20191107-112038,-,EQP21,LOT_Tumbler_STARBUCKS_20,Tumbler_STARBUCKS,PROC_Tumbler_STARBUCKS,PAINT,32,2019-11-14 2:16,2019-11-14 13:30,2019-11-14 14:00,SETUP,2019-11-14 21:00
TSK-20191107-112038,-,EQP31,LOT_Tumbler_TOMNTOMS_12,Tumbler_TOMNTOMS,PROC_Tumbler_TOMNTOMS,FINISH,32,2019-11-14 13:30,2019-11-14 13:30,2019-11-14 14:00,SETUP,2019-11-14 23:00
TSK-20191107-112038,-,EQP21,LOT_Tumbler_STARBUCKS_20,Tumbler_STARBUCKS,PROC_Tumbler_STARBUCKS,PAINT,32,2019-11-14 2:16,2019-11-14 14:00,2019-11-14 19:20,BUSY,2019-11-14 21:00
TSK-20191107-112038,-,EQP31,LOT_Tumbler_TOMNTOMS_12,Tumbler_TOMNTOMS,PROC_Tumbler_TOMNTOMS,FINISH,32,2019-11-14 13:30,2019-11-14 14:00,2019-11-14 19:20,BUSY,2019-11-14 23:00
TSK-20191107-112038,-,EQP22,LOT_Tumbler_STARBUCKS_19,Tumbler_STARBUCKS,PROC_Tumbler_STARBUCKS,PAINT,32,2019-11-14 2:16,2019-11-14 16:00,2019-11-14 16:30,SETUP,2019-11-14 21:00
TSK-20191107-112038,-,EQP32,LOT_Tumbler_TOMNTOMS_11,Tumbler_TOMNTOMS,PROC_Tumbler_TOMNTOMS,FINISH,32,2019-11-14 16:00,2019-11-14 16:00,2019-11-14 16:30,SETUP,2019-11-14 23:00
TSK-20191107-112038,-,EQP22,LOT_Tumbler_STARBUCKS_19,Tumbler_STARBUCKS,PROC_Tumbler_STARBUCKS,PAINT,32,2019-11-14 2:16,2019-11-14 16:30,2019-11-14 21:50,BUSY,2019-11-14 21:00
TSK-20191107-112038,-,EQP32,LOT_Tumbler_TOMNTOMS_11,Tumbler_TOMNTOMS,PROC_Tumbler_TOMNTOMS,FINISH,32,2019-11-14 16:00,2019-11-14 16:30,2019-11-14 21:50,BUSY,2019-11-14 23:00
TSK-20191107-112038,-,EQP21,LOT_Tumbler_STARBUCKS_18,Tumbler_STARBUCKS,PROC_Tumbler_STARBUCKS,PAINT,32,2019-11-14 2:16,2019-11-14 19:20,2019-11-15 0:40,BUSY,2019-11-14 21:00
TSK-20191107-112038,-,EQP31,LOT_Tumbler_STARBUCKS_20,Tumbler_STARBUCKS,PROC_Tumbler_STARBUCKS,FINISH,32,2019-11-14 19:20,2019-11-14 19:20,2019-11-14 19:50,SETUP,2019-11-14 23:00
TSK-20191107-112038,-,EQP31,LOT_Tumbler_STARBUCKS_20,Tumbler_STARBUCKS,PROC_Tumbler_STARBUCKS,FINISH,32,2019-11-14 19:20,2019-11-14 19:50,2019-11-14 23:23,BUSY,2019-11-14 23:00
TSK-20191107-112038,-,EQP22,LOT_Tumbler_KANU_41,Tumbler_KANU,PROC_Tumbler_KANU,PAINT,32,2019-11-14 3:40,2019-11-14 21:50,2019-11-14 22:20,SETUP,2019-11-14 21:00
TSK-20191107-112038,-,EQP32,LOT_Tumbler_STARBUCKS_19,Tumbler_STARBUCKS,PROC_Tumbler_STARBUCKS,FINISH,32,2019-11-14 21:50,2019-11-14 21:50,2019-11-14 22:20,SETUP,2019-11-14 23:00
TSK-20191107-112038,-,EQP22,LOT_Tumbler_KANU_41,Tumbler_KANU,PROC_Tumbler_KANU,PAINT,32,2019-11-14 3:40,2019-11-14 22:20,2019-11-15 1:00,BUSY,2019-11-14 21:00
TSK-20191107-112038,-,EQP32,LOT_Tumbler_STARBUCKS_19,Tumbler_STARBUCKS,PROC_Tumbler_STARBUCKS,FINISH,32,2019-11-14 21:50,2019-11-14 22:20,2019-11-15 1:53,BUSY,2019-11-14 23:00
